culture_group_tag	culture_group	culture_tag	culture	language	language_family
ir_aksumite_group_g	Aksumite	ir_puntic	Macrobian	ir_puntic_lang	ir_aksumite_family
ir_aksumite_group_g	Aksumite	ir_aksumite	Aksumite	ir_geez_lang	ir_aksumite_family
ir_aksumite_group_g	Aksumite	ir_blemmyan	Blemmyan	ir_blemmye_lang	ir_aksumite_family
ir_aksumite_group_g	Aksumite	ir_blemmye	Blemmye	ir_blemmye_lang	ir_aksumite_family
ir_aksumite_group_g	Aksumite	ir_daamoti	Daamotic	ir_geez_lang	ir_aksumite_family
ir_aksumite_group_g	Aksumite	ir_ona	Onaean	ir_geez_lang	ir_aksumite_family
ir_aksumite_group_g	Aksumite	ir_athagaun	Athagauan	ir_geez_lang	ir_aksumite_family
ir_aksumite_group_g	Aksumite	ir_avalitian	Avalitian	ir_puntic_lang	ir_aksumite_family
ir_aksumite_group_g	Aksumite	ir_berberian	Berberian	ir_gaetulian_lang	ir_aksumite_family
ir_aksumite_group_g	Aksumite	ir_erythraean	Erythraean	ir_puntic_lang	ir_aksumite_family
ir_anatolian_g	Anatolian	ir_cappadocian	Cappadocian	ir_cappadocian_lang	ir_anatolian_family
ir_anatolian_g	Anatolian	ir_phrygian	Phrygian	ir_phrygian_lang	ir_anatolian_family
ir_anatolian_g	Anatolian	ir_lycaonian	Lycaonian	ir_cappadocian_lang	ir_anatolian_family
ir_anatolian_g	Anatolian	ir_isaurian	Isaurian	ir_isaurian_lang	ir_anatolian_family
ir_anatolian_g	Anatolian	ir_paphlagonian	Paphlagonian	ir_paphlagonian_lang	ir_anatolian_family
ir_anatolian_g	Anatolian	ir_lycian	Lycian	ir_lycian_lang	ir_anatolian_family
ir_anatolian_g	Anatolian	ir_mysian	Mysian	ir_mysian_lang	ir_anatolian_family
ir_anatolian_g	Anatolian	ir_cilician	Cilician	ir_cilician_lang	ir_anatolian_family
ir_anatolian_g	Anatolian	ir_lydian	Lydian	ir_lydian_lang	ir_anatolian_family
ir_anatolian_g	Anatolian	ir_armenian	Armenian	ir_armenian_lang	ir_anatolian_family
ir_anatolian_g	Anatolian	ir_pisidian	Pisidian	ir_pisidian_lang	ir_anatolian_family
ir_anatolian_g	Anatolian	ir_milyadian	Milyadian	ir_cabalian_lang	ir_anatolian_family
ir_anatolian_g	Anatolian	ir_cataonian	Cataonian	ir_cappadocian_lang	ir_anatolian_family
ir_anatolian_g	Anatolian	ir_lalasian	Cetian	ir_cabalian_lang	ir_anatolian_family
ir_anatolian_g	Anatolian	ir_cabalian	Cabalian	ir_cabalian_lang	ir_anatolian_family
ir_anatolian_g	Anatolian	ir_oroandian	Oroandian	ir_cabalian_lang	ir_anatolian_family
ir_anatolian_g	Anatolian	ir_morimenian	Morimenian	ir_cabalian_lang	ir_anatolian_family
ir_anatolian_g	Anatolian	ir_kennataian	Amanian	ir_cabalian_lang	ir_anatolian_family
ir_aryan_g	Aryan	ir_vidharban	Vidharban	ir_prakrit_lang	ir_aryan_family
ir_aryan_g	Aryan	ir_mulaka	Mulakan	ir_prakrit_lang	ir_aryan_family
ir_aryan_g	Aryan	ir_saurashtran	Saurashtran	ir_sindhi_lang	ir_aryan_family
ir_aryan_g	Aryan	ir_kaccha	Kacchan	ir_sindhi_lang	ir_aryan_family
ir_aryan_g	Aryan	ir_lankan	Lankan	ir_prakrit_lang	ir_aryan_family
ir_aryan_g	Aryan	ir_maharashtran	Maharashtran	ir_prakrit_lang	ir_aryan_family
ir_aryan_g	Aryan	ir_rathikan	Rathikan	ir_sindhi_lang	ir_aryan_family
ir_aryan_g	Aryan	ir_gandhari	Gandhari	ir_gandhari_lang	ir_aryan_family
ir_aryan_g	Aryan	ir_sivi	Mallian	ir_sanskrit_lang	ir_aryan_family
ir_aryan_g	Aryan	ir_shauraseni	Shauraseni	ir_prakrit_lang	ir_aryan_family
ir_aryan_g	Aryan	ir_kosala	Kosalan	ir_sanskrit_lang	ir_aryan_family
ir_aryan_g	Aryan	ir_kuru	Kuruic	ir_sanskrit_lang	ir_aryan_family
ir_aryan_g	Aryan	ir_avanti	Avanti	ir_sanskrit_lang	ir_aryan_family
ir_aryan_g	Aryan	ir_matsya	Matsyan	ir_sanskrit_lang	ir_aryan_family
ir_aryan_g	Aryan	ir_cedi	Cedi	ir_sanskrit_lang	ir_aryan_family
ir_aryan_g	Aryan	ir_dhivehi	Dhivehi	ir_sindhi_lang	ir_aryan_family
ir_aryan_g	Aryan	ir_sindhi	Sindhi	ir_sindhi_lang	ir_aryan_family
ir_aryan_g	Aryan	ir_dardic	Dardic	ir_gandhari_lang	ir_aryan_family
ir_aryan_g	Aryan	ir_purus	Puruan	ir_sanskrit_lang	ir_aryan_family
ir_aryan_g	Aryan	ir_mitanni	Neo-Mitanni	ir_sanskrit_lang	ir_aryan_family
ir_bactrian_g	Bactrian	ir_bactrian	Bactrian	ir_bactrian_lang	ir_bactrian_family
ir_bactrian_g	Bactrian	ir_margian	Margian	ir_sogdian_lang	ir_bactrian_family
ir_bactrian_g	Bactrian	ir_sogdian	Sogdian	ir_sogdian_lang	ir_bactrian_family
ir_bactrian_g	Bactrian	ir_shule	Shule	ir_tocharian_lang	ir_bactrian_family
ir_bactrian_g	Bactrian	ir_phryni	Phryni	ir_bactrian_lang	ir_bactrian_family
ir_bactrian_g	Bactrian	ir_tayuan	Ferghani	ir_tocharian_lang	ir_bactrian_family
ir_bactrian_g	Bactrian	ir_wusun	Wusun	ir_wusun_lang	ir_bactrian_family
ir_bactrian_g	Bactrian	ir_saka	Khotanese	ir_saka_lang	ir_bactrian_family
ir_bactrian_g	Bactrian	ir_yuezhi	Yuezhi	ir_yuezhi_lang	ir_bactrian_family
ir_bactrian_g	Bactrian	ir_tocharian	Tocharian	ir_tocharian_lang	ir_bactrian_family
ir_baltic_g	Balto-Slavic	ir_aestian	Aestian	ir_aestian_lang	ir_baltic_family
ir_baltic_g	Balto-Slavic	ir_sporic	Sporic	ir_neuric_lang	ir_baltic_family
ir_baltic_g	Balto-Slavic	ir_neuric	Neuric	ir_neuric_lang	ir_baltic_family
ir_baltic_g	Balto-Slavic	ir_budinian	Budinian	ir_neuric_lang	ir_baltic_family
ir_baltic_g	Balto-Slavic	ir_chernolian	Borysthenian	ir_neuric_lang	ir_baltic_family
ir_baltic_g	Balto-Slavic	ir_melanchlaenian	Melanchlaenian	ir_neuric_lang	ir_baltic_family
ir_belgae_group_g	Belgic	ir_belgae	Menapian	ir_belgic_north_dialect	ir_belgae_family
ir_belgae_group_g	Belgic	ir_aduatacian	Aduatacian	ir_belgic_north_dialect	ir_belgae_family
ir_belgae_group_g	Belgic	ir_eburonian	Eburonian	ir_belgic_north_dialect	ir_belgae_family
ir_belgae_group_g	Belgic	ir_nervian	Nervian	ir_belgic_north_dialect	ir_belgae_family
ir_belgae_group_g	Belgic	ir_morinian	Morinian	ir_belgic_coastal_dialect	ir_belgae_family
ir_belgae_group_g	Belgic	ir_veliocassian	Veliocassian	ir_belgic_coastal_dialect	ir_belgae_family
ir_belgae_group_g	Belgic	ir_bellovacian	Bellovacian	ir_belgic_coastal_dialect	ir_belgae_family
ir_britannic_g	Insular Celtic	ir_britannic	Insular Celtic	ir_south_brittonic_dialect	ir_britannic_family
ir_britannic_g	Insular Celtic	ir_caledonian	Caledonian	ir_pictish_dialect	ir_britannic_family
ir_britannic_g	Insular Celtic	ir_iceni	Icenian	ir_south_brittonic_dialect	ir_britannic_family
ir_britannic_g	Insular Celtic	ir_trinovantian	Trinovantian	ir_south_brittonic_dialect	ir_britannic_family
ir_britannic_g	Insular Celtic	ir_cantian	Cantian	ir_south_brittonic_dialect	ir_britannic_family
ir_britannic_g	Insular Celtic	ir_durotrigan	Durotrigan	ir_south_brittonic_dialect	ir_britannic_family
ir_britannic_g	Insular Celtic	ir_dumnonian	Dumnonian	ir_south_brittonic_dialect	ir_britannic_family
ir_britannic_g	Insular Celtic	ir_dobunnian	Dobunnian	ir_south_brittonic_dialect	ir_britannic_family
ir_britannic_g	Insular Celtic	ir_demetian	Demetian	ir_south_brittonic_dialect	ir_britannic_family
ir_britannic_g	Insular Celtic	ir_ordovitian	Ordovitian	ir_south_brittonic_dialect	ir_britannic_family
ir_britannic_g	Insular Celtic	ir_coritani	Coritanic	ir_south_brittonic_dialect	ir_britannic_family
ir_britannic_g	Insular Celtic	ir_cornovian	Cornovian	ir_south_brittonic_dialect	ir_britannic_family
ir_britannic_g	Insular Celtic	ir_brigantic	Brigantic	ir_cumbric_dialect	ir_britannic_family
ir_britannic_g	Insular Celtic	ir_votadinian	Votadinian	ir_cumbric_dialect	ir_britannic_family
ir_britannic_g	Insular Celtic	ir_damnonian	Damnonian	ir_south_brittonic_dialect	ir_britannic_family
ir_britannic_g	Insular Celtic	ir_taexalian	Taexalian	ir_pictish_dialect	ir_britannic_family
ir_britannic_g	Insular Celtic	ir_parisian	Parisian	ir_cumbric_dialect	ir_britannic_family
ir_britannic_g	Insular Celtic	ir_monapian	Monapian	ir_pictish_dialect	ir_britannic_family
ir_britannic_g	Insular Celtic	ir_ivernian	Ivernian	ir_goidelic_lang	ir_britannic_family
ir_britannic_g	Insular Celtic	ir_voluntian	Voluntian	ir_goidelic_lang	ir_britannic_family
ir_caucasian_g	Caucasian	ir_albanian	Albanian	ir_albanian_caucasian_lang	ir_caucasian_family
ir_caucasian_g	Caucasian	ir_caspian	Caspian	ir_albanian_caucasian_lang	ir_caucasian_family
ir_caucasian_g	Caucasian	ir_ibero	Iberic	ir_kartvelian_lang	ir_caucasian_family
ir_caucasian_g	Caucasian	ir_sindi	Sindian	ir_north_caucasian_lang	ir_caucasian_family
ir_caucasian_g	Caucasian	ir_maeotian	Maeotian	ir_north_caucasian_lang	ir_caucasian_family
ir_caucasian_g	Caucasian	ir_colchian	Colchian	ir_kartvelian_lang	ir_caucasian_family
ir_caucasian_g	Caucasian	ir_abasgoi	Abasgian	ir_north_caucasian_lang	ir_caucasian_family
ir_caucasian_g	Caucasian	ir_suani	Suanian	ir_kartvelian_lang	ir_caucasian_family
ir_caucasian_g	Caucasian	ir_lazi	Laz	ir_kartvelian_lang	ir_caucasian_family
ir_caucasian_g	Caucasian	ir_sasperian	Sasperian	ir_north_caucasian_lang	ir_caucasian_family
ir_caucasian_g	Caucasian	ir_legian	Legian	ir_albanian_caucasian_lang	ir_caucasian_family
ir_caucasian_g	Caucasian	ir_gelaean	Gelaean	ir_north_caucasian_lang	ir_caucasian_family
ir_celt_iberia_g	Celtiberian	ir_caristian	Caristian	ir_gallaecian_lang	ir_celt_iberia_family
ir_celt_iberia_g	Celtiberian	ir_celtician	Celtician	ir_celtiberian_lang	ir_celt_iberia_family
ir_celt_iberia_g	Celtiberian	ir_lusitanian	Lusitanian	ir_lusitanian_lang	ir_celt_iberia_family
ir_celt_iberia_g	Celtiberian	ir_vettonian	Vettonian	ir_lusitanian_lang	ir_celt_iberia_family
ir_celt_iberia_g	Celtiberian	ir_carpetanian	Carpetanian	ir_celtiberian_lang	ir_celt_iberia_family
ir_celt_iberia_g	Celtiberian	ir_celtiberian	Celtiberi	ir_celtiberian_lang	ir_celt_iberia_family
ir_celt_iberia_g	Celtiberian	ir_lobetanian	Lobetanian	ir_celtiberian_lang	ir_celt_iberia_family
ir_celt_iberia_g	Celtiberian	ir_sedetanian	Sedetanian	ir_celtiberian_lang	ir_celt_iberia_family
ir_celt_iberia_g	Celtiberian	ir_vaccaeian	Vaccaean	ir_celtiberian_lang	ir_celt_iberia_family
ir_celt_iberia_g	Celtiberian	ir_asturian	Asturian	ir_gallaecian_lang	ir_celt_iberia_family
ir_celt_iberia_g	Celtiberian	ir_callaecian	Callaecian	ir_gallaecian_lang	ir_celt_iberia_family
ir_celt_iberia_g	Celtiberian	ir_vardulian	Vardulian	ir_gallaecian_lang	ir_celt_iberia_family
ir_celt_iberia_g	Celtiberian	ir_cantabrian	Cantabrian	ir_gallaecian_lang	ir_celt_iberia_family
ir_celt_iberia_g	Celtiberian	ir_couneian	Cynetian	ir_celtiberian_lang	ir_celt_iberia_family
ir_celt_iberia_g	Celtiberian	ir_oppidanian	Oppidanian	ir_celtiberian_lang	ir_celt_iberia_family
ir_celt_iberia_g	Celtiberian	ir_autrigonian	Autrigonian	ir_gallaecian_lang	ir_celt_iberia_family
ir_celt_iberia_g	Celtiberian	ir_elesycian	Elesycian	ir_celtiberian_lang	ir_celt_iberia_family
ir_celto_pannonian_group_g	Galatian	ir_galatian	Galatian	ir_celtiberian_lang	ir_celt_iberia_family
ir_celto_pannonian_group_g	Galatian	ir_tylian	Tylian	ir_celtiberian_lang	ir_celt_iberia_family
ir_dacia_group_g	Dacian	ir_dacian	Albocensian	ir_dacian_lang	ir_dacia_family
ir_dacia_group_g	Dacian	ir_getian	Getian	ir_dacian_lang	ir_dacia_family
ir_dacia_group_g	Dacian	ir_harpii	Carpian	ir_dacian_lang	ir_dacia_family
ir_dacia_group_g	Dacian	ir_costoboci	Costobocian	ir_dacian_lang	ir_dacia_family
ir_dacia_group_g	Dacian	ir_buridavensi	Buridavensian	ir_dacian_lang	ir_dacia_family
ir_dacia_group_g	Dacian	ir_caucoensi	Caucoensian	ir_dacian_lang	ir_dacia_family
ir_dacia_group_g	Dacian	ir_ratacensi	Ratacensian	ir_dacian_lang	ir_dacia_family
ir_dacia_group_g	Dacian	ir_biephi	Biephian	ir_dacian_lang	ir_dacia_family
ir_east_levantine_g	Aramaic	ir_aramaic	Aramaic	ir_aramaic_lang	ir_east_levantine_family
ir_east_levantine_g	Aramaic	ir_assyrian	Assyrian	ir_assyrian_lang	ir_east_levantine_family
ir_east_levantine_g	Aramaic	ir_babylonian	Babylonian	ir_babylonian_lang	ir_east_levantine_family
ir_east_levantine_g	Aramaic	ir_cardukoi	Cardukoi	ir_assyrian_lang	ir_east_levantine_family
ir_gaelic_g	Gaelic	ir_hibernian	Hibernian	ir_goidelic_lang	ir_britannic_family
ir_gaelic_g	Gaelic	ir_manavian	Manavian	ir_goidelic_lang	ir_britannic_family
ir_gallic_g	Gallic	ir_aremorican	Aremorican	ir_armorican_dialect	ir_britannic_family
ir_gallic_g	Gallic	ir_lepontic	Lepontic	ir_lepontic_lang	ir_gallic_family
ir_gallic_g	Gallic	ir_vindelician	Vindelician	ir_helvetian_dialect	ir_gallic_family
ir_gallic_g	Gallic	ir_helvetian	Helvetian	ir_helvetian_dialect	ir_gallic_family
ir_gallic_g	Gallic	ir_biturigan	Biturigan	ir_central_gaulish_dialect	ir_gallic_family
ir_gallic_g	Gallic	ir_volcae	Volcaean	ir_narbonese_dialect	ir_gallic_family
ir_gallic_g	Gallic	ir_salluvian	Salluvian	ir_narbonese_dialect	ir_gallic_family
ir_gallic_g	Gallic	ir_haedui	Haedui	ir_central_gaulish_dialect	ir_gallic_family
ir_gallic_g	Gallic	ir_carnuti	Carnuti	ir_central_gaulish_dialect	ir_gallic_family
ir_gallic_g	Gallic	ir_santonian	Santonian	ir_central_gaulish_dialect	ir_gallic_family
ir_gallic_g	Gallic	ir_lemovician	Lemovician	ir_central_gaulish_dialect	ir_gallic_family
ir_gallic_g	Gallic	ir_pictonian	Pictonian	ir_armorican_dialect	ir_britannic_family
ir_gallic_g	Gallic	ir_aulercian	Aulercian	ir_central_gaulish_dialect	ir_gallic_family
ir_gallic_g	Gallic	ir_arverni	Arvernian	ir_central_gaulish_dialect	ir_gallic_family
ir_gallic_g	Gallic	ir_celtic_pannonian	Scordiscian	ir_eastern_gaulish_dialect	ir_gallic_family
ir_gallic_g	Gallic	ir_letobician	Letobician	ir_eastern_gaulish_dialect	ir_gallic_family
ir_gallic_g	Gallic	ir_carnian	Carnian	ir_eastern_gaulish_dialect	ir_gallic_family
ir_gallic_g	Gallic	ir_noric	Noric	ir_helvetian_dialect	ir_gallic_family
ir_gallic_g	Gallic	ir_boian	Boian	ir_helvetian_dialect	ir_gallic_family
ir_gallic_g	Gallic	ir_eravisci	Eraviscian	ir_eastern_gaulish_dialect	ir_gallic_family
ir_gallic_g	Gallic	ir_cotinian	Cotinian	ir_eastern_gaulish_dialect	ir_gallic_family
ir_gallic_g	Gallic	ir_treverian	Treverian	ir_eastern_gaulish_dialect	ir_gallic_family
ir_gallic_g	Gallic	ir_sennonian	Sennonian	ir_central_gaulish_dialect	ir_gallic_family
ir_gallic_g	Gallic	ir_ubian	Ubian	ir_eastern_gaulish_dialect	ir_gallic_family
ir_gallic_g	Gallic	ir_allobrogian	Allobrogian	ir_eastern_gaulish_dialect	ir_gallic_family
ir_gallic_g	Gallic	ir_teurian	Teurian	ir_eastern_gaulish_dialect	ir_gallic_family
ir_germanic_g	Germanic	ir_saxonian	Saxonian	ir_saxon_lang	ir_germanic_family
ir_germanic_g	Germanic	ir_anglian	Anglian	ir_saxon_lang	ir_germanic_family
ir_germanic_g	Germanic	ir_reudingian	Reudingian	ir_north_germanic_lang	ir_germanic_family
ir_germanic_g	Germanic	ir_teutonian	Teutonian	ir_saxon_lang	ir_germanic_family
ir_germanic_g	Germanic	ir_cimbrian	Cimbrian	ir_north_germanic_lang	ir_germanic_family
ir_germanic_g	Germanic	ir_herulian	Herulian	ir_gothic_lang	ir_germanic_family
ir_germanic_g	Germanic	ir_rugian	Rugian	ir_gothic_lang	ir_germanic_family
ir_germanic_g	Germanic	ir_helveconian	Helveconian	ir_suebian_lang	ir_germanic_family
ir_germanic_g	Germanic	ir_bastarnae	Bastarnaean	ir_suebian_lang	ir_germanic_family
ir_germanic_g	Germanic	ir_gutones	Gutoni	ir_gothic_lang	ir_germanic_family
ir_germanic_g	Germanic	ir_suiones	Suioni	ir_north_germanic_lang	ir_germanic_family
ir_germanic_g	Germanic	ir_vandal	Vandalic	ir_gothic_lang	ir_germanic_family
ir_germanic_g	Germanic	ir_raumarician	Raumarician	ir_north_germanic_lang	ir_germanic_family
ir_germanic_g	Germanic	ir_irminonic	Irminonic	ir_suebian_lang	ir_germanic_family
ir_germanic_g	Germanic	ir_istvaeonic	Istvaonic	ir_suebian_lang	ir_germanic_family
ir_germanic_g	Germanic	ir_ingvaeonic	Ingvaeonic	ir_saxon_lang	ir_germanic_family
ir_germanic_g	Germanic	ir_suebian	Suebian	ir_suebian_lang	ir_germanic_family
ir_germanic_g	Germanic	ir_lemovian	Lemovian	ir_gothic_lang	ir_germanic_family
ir_germanic_g	Germanic	ir_gothonic	Gothonic	ir_gothic_lang	ir_germanic_family
ir_germanic_g	Germanic	ir_frisian	Frisian	ir_saxon_lang	ir_germanic_family
ir_germanic_g	Germanic	ir_scandian	Scandian	ir_north_germanic_lang	ir_germanic_family
ir_germanic_g	Germanic	ir_indo_germanic	Indo-Germanic	ir_suebian_lang	ir_germanic_family
ir_hellenic_g	Hellenistic	ir_macedonian	Macedonian	ir_macedonian_dialect	ir_hellenic_family
ir_hellenic_g	Hellenistic	ir_italiotian	Italiote	ir_doric_dialect	ir_hellenic_family
ir_hellenic_g	Hellenistic	ir_thracian	Propontic	ir_thracian_lang	ir_hellenic_family
ir_hellenic_g	Hellenistic	ir_cretan	Cretan	ir_doric_dialect	ir_hellenic_family
ir_hellenic_g	Hellenistic	ir_achaean	Achaean	ir_doric_dialect	ir_hellenic_family
ir_hellenic_g	Hellenistic	ir_argolian	Argolian	ir_doric_dialect	ir_hellenic_family
ir_hellenic_g	Hellenistic	ir_arcadian	Arcadian	ir_arcado_cypriot_dialect	ir_hellenic_family
ir_hellenic_g	Hellenistic	ir_epirote	Epirote	ir_doric_dialect	ir_hellenic_family
ir_hellenic_g	Hellenistic	ir_boeotian	Boeotian	ir_aeolic_dialect	ir_hellenic_family
ir_hellenic_g	Hellenistic	ir_peloponnesian	Lacedaemonian	ir_doric_dialect	ir_hellenic_family
ir_hellenic_g	Hellenistic	ir_athenian	Athenian	ir_attic_dialect	ir_hellenic_family
ir_hellenic_g	Hellenistic	ir_euboean	Euboean	ir_ionic_dialect	ir_hellenic_family
ir_hellenic_g	Hellenistic	ir_aetolian	Aetolian	ir_doric_dialect	ir_hellenic_family
ir_hellenic_g	Hellenistic	ir_aegean	Aegean	ir_ionic_dialect	ir_hellenic_family
ir_hellenic_g	Hellenistic	ir_greco_pontic	Pontic	ir_koine_dialect	ir_hellenic_family
ir_hellenic_g	Hellenistic	ir_greco_indian	Greco-Indian	ir_koine_dialect	ir_hellenic_family
ir_hellenic_g	Hellenistic	ir_aeolian	Aeolian	ir_aeolic_dialect	ir_hellenic_family
ir_hellenic_g	Hellenistic	ir_troan	Troan	ir_aeolic_dialect	ir_hellenic_family
ir_hellenic_g	Hellenistic	ir_ionian	Ionian	ir_ionic_dialect	ir_hellenic_family
ir_hellenic_g	Hellenistic	ir_cypriot	Cypriot	ir_arcado_cypriot_dialect	ir_hellenic_family
ir_hellenic_g	Hellenistic	ir_thessalian	Thessalian	ir_aeolic_dialect	ir_hellenic_family
ir_hellenic_g	Hellenistic	ir_bosporan	Bosporan	ir_koine_dialect	ir_hellenic_family
ir_hellenic_g	Hellenistic	ir_syracusan	Siceliote	ir_doric_dialect	ir_hellenic_family
ir_hellenic_g	Hellenistic	ir_cyrenaican	Cyrenaican	ir_doric_dialect	ir_hellenic_family
ir_hellenic_g	Hellenistic	ir_massalian	Massalian	ir_ionic_dialect	ir_hellenic_family
ir_hellenic_g	Hellenistic	ir_pamphylian	Pamphylian	ir_pamphylian_dialect	ir_hellenic_family
ir_hellenic_g	Hellenistic	ir_syriote	Syriote	ir_koine_dialect	ir_hellenic_family
ir_hellenic_g	Hellenistic	ir_ciliciote	Ciliciote	ir_koine_dialect	ir_hellenic_family
ir_hellenic_g	Hellenistic	ir_carian	Carian	ir_carian_lang	ir_hellenic_family
ir_hellenic_g	Hellenistic	ir_enetoian	Enetoian	ir_paphlagonian_lang	ir_anatolian_family
ir_hellenic_g	Hellenistic	ir_hellenistic	Hellenic	ir_koine_dialect	ir_hellenic_family
ir_iberia_g	Iberian	ir_oretanian	Oretanian	ir_tartessian_lang	ir_iberia_family
ir_iberia_g	Iberian	ir_contestanian	Contestanian	ir_edetanian_lang	ir_iberia_family
ir_iberia_g	Iberian	ir_bastetanian	Bastetanian	ir_tartessian_lang	ir_iberia_family
ir_iberia_g	Iberian	ir_ilercavonian	Ilercavonian	ir_edetanian_lang	ir_iberia_family
ir_iberia_g	Iberian	ir_edetanian	Edetanian	ir_edetanian_lang	ir_iberia_family
ir_iberia_g	Iberian	ir_lacetanian	Lacetanian	ir_lacetanian_lang	ir_iberia_family
ir_iberia_g	Iberian	ir_indiketian	Indiketian	ir_lacetanian_lang	ir_iberia_family
ir_iberia_g	Iberian	ir_ausetanian	Ausetanian	ir_lacetanian_lang	ir_iberia_family
ir_iberia_g	Iberian	ir_turdetanian	Turdetanian	ir_turdetanian_lang	ir_iberia_family
ir_iberia_g	Iberian	ir_turdulian	Turdulian	ir_turdetanian_lang	ir_iberia_family
ir_iberia_g	Iberian	ir_ilergetian	Ilergetian	ir_lacetanian_lang	ir_iberia_family
ir_iberia_g	Iberian	ir_vasconian	Vasconian	ir_aquitanian_lang	ir_iberia_family
ir_iberia_g	Iberian	ir_aquitani	Aquitanian	ir_aquitanian_lang	ir_iberia_family
ir_illyrian_group_g	Illyrian	ir_taulantian	Taulantian	ir_illyrian_lang	ir_illyrian_family
ir_illyrian_group_g	Illyrian	ir_abrian	Abrian	ir_illyrian_lang	ir_illyrian_family
ir_illyrian_group_g	Illyrian	ir_dardanian	Dardanian	ir_illyrian_lang	ir_illyrian_family
ir_illyrian_group_g	Illyrian	ir_greco_illyrian	Dalmatian	ir_illyrian_lang	ir_illyrian_family
ir_illyrian_group_g	Illyrian	ir_liburnian	Liburnian	ir_illyrian_lang	ir_illyrian_family
ir_illyrian_group_g	Illyrian	ir_liburnian_culture	Liburnian	ir_illyrian_lang	ir_illyrian_family
ir_illyrian_group_g	Illyrian	ir_catari	Catarian	ir_illyrian_lang	ir_illyrian_family
ir_illyrian_group_g	Illyrian	ir_deraemestian	Deraemestian	ir_illyrian_lang	ir_illyrian_family
ir_illyrian_group_g	Illyrian	ir_deurian	Deurian	ir_illyrian_lang	ir_illyrian_family
ir_illyrian_group_g	Illyrian	ir_messapian	Messapian	ir_messapic_lang	ir_illyrian_family
ir_illyrian_group_g	Illyrian	ir_paeonian	Paeonian	ir_illyrian_lang	ir_illyrian_family
ir_illyrian_group_g	Illyrian	ir_pannonian	Pannonian	ir_illyrian_lang	ir_illyrian_family
ir_illyrian_group_g	Illyrian	ir_iapodian	Iapodian	ir_illyrian_lang	ir_illyrian_family
ir_indian_g	Dravidian	ir_kannadan	Kannadan	ir_kannada_lang	ir_indian_family
ir_indian_g	Dravidian	ir_kuntalan	Kuntalan	ir_kannada_lang	ir_indian_family
ir_indian_g	Dravidian	ir_alupan	Alupan	ir_kannada_lang	ir_indian_family
ir_indian_g	Dravidian	ir_tamil	Tamil	ir_tamil_lang	ir_indian_family
ir_indian_g	Dravidian	ir_cholan	Cholan	ir_tamil_lang	ir_indian_family
ir_indian_g	Dravidian	ir_cheran	Cheran	ir_tamil_lang	ir_indian_family
ir_indian_g	Dravidian	ir_pandyan	Pandyan	ir_tamil_lang	ir_indian_family
ir_indian_g	Dravidian	ir_telugu	Telugu	ir_telugu_lang	ir_indian_family
ir_indian_g	Dravidian	ir_andhran	Andhran	ir_telugu_lang	ir_indian_family
ir_indian_g	Dravidian	ir_assaka	Assakan	ir_prakrit_lang	ir_aryan_family
ir_latin_g	Italic	ir_roman	Roman	ir_latin_lang	ir_latin_family
ir_latin_g	Italic	ir_venetic	Venetic	ir_venetic_dialect	ir_latin_family
ir_latin_g	Italic	ir_ligurian	Ligurian	ir_ligurian_dialect	ir_latin_family
ir_latin_g	Italic	ir_etruscan	Etruscan	ir_etruscan_lang	ir_latin_family
ir_latin_g	Italic	ir_rhaetian	Rhaetian	ir_rhaetian_dialect	ir_latin_family
ir_latin_g	Italic	ir_umbrian	Umbrian	ir_umbrian_lang	ir_latin_family
ir_latin_g	Italic	ir_samnite	Sabellian	ir_oscan_lang	ir_latin_family
ir_latin_g	Italic	ir_siculian	Siculian	ir_siculian_lang	ir_latin_family
ir_latin_g	Italic	ir_bruttian	Bruttian	ir_oscan_lang	ir_latin_family
ir_latin_g	Italic	ir_lucanian	Lucanian	ir_oscan_lang	ir_latin_family
ir_latin_g	Italic	ir_histrian	Histrian	ir_venetic_dialect	ir_latin_family
ir_meroitic_group_g	Nubian	ir_meroitic	Meroitic	ir_meroitic_lang	ir_meroitic_family
ir_meroitic_group_g	Nubian	ir_lower_nubian	Kerman	ir_nubian_lang	ir_meroitic_family
ir_meroitic_group_g	Nubian	ir_napatan	Napatan	ir_meroitic_lang	ir_meroitic_family
ir_north_african_g	Egyptian	ir_egyptian	Memphite	ir_egyptian_lang	ir_north_african_family
ir_north_african_g	Egyptian	ir_upper_egyptian	Thebaic	ir_egyptian_lang	ir_north_african_family
ir_north_african_g	Egyptian	ir_middle_egyptian	Faiyumic	ir_egyptian_lang	ir_north_african_family
ir_north_african_g	Egyptian	ir_oasis_egyptian	Oasitae	ir_egyptian_lang	ir_north_african_family
ir_numidian_g	Numidian	ir_numidian	Numidian	ir_numidian_lang	ir_numidian_family
ir_numidian_g	Numidian	ir_gaetulian	Gaetulian	ir_gaetulian_lang	ir_aksumite_family
ir_numidian_g	Numidian	ir_melanogaetulian	Melanogaetulian	ir_gaetulian_lang	ir_aksumite_family
ir_numidian_g	Numidian	ir_socossian	Maurian	ir_numidian_lang	ir_numidian_family
ir_numidian_g	Numidian	ir_massaesylian	Massaesylian	ir_numidian_lang	ir_numidian_family
ir_numidian_g	Numidian	ir_massylian	Massylian	ir_numidian_lang	ir_numidian_family
ir_numidian_g	Numidian	ir_autolalean	Autolalean	ir_mauritanian_lang	ir_numidian_family
ir_numidian_g	Numidian	ir_lixitoi	Lixitaean	ir_mauritanian_lang	ir_numidian_family
ir_numidian_g	Numidian	ir_perorsian	Perorsian	ir_mauritanian_lang	ir_numidian_family
ir_numidian_g	Numidian	ir_canarian	Canarian	ir_canarian_lang	ir_numidian_family
ir_numidian_g	Numidian	ir_nectiberean	Nectiberean	ir_mauritanian_lang	ir_numidian_family
ir_numidian_g	Numidian	ir_daphnitaean	Daphnitaean	ir_mauritanian_lang	ir_numidian_family
ir_numidian_g	Numidian	ir_capariensian	Capariensian	ir_mauritanian_lang	ir_numidian_family
ir_numidian_g	Numidian	ir_abannaean	Abannaean	ir_mauritanian_lang	ir_numidian_family
ir_numidian_g	Numidian	ir_cetianian	Cetianian	ir_mauritanian_lang	ir_numidian_family
ir_numidian_g	Numidian	ir_pharusian	Pharusian	ir_mauritanian_lang	ir_numidian_family
ir_numidian_g	Numidian	ir_nigirtean	Nigirtean	ir_mauritanian_lang	ir_numidian_family
ir_persia_g	Iranian	ir_elamite	Elamite	ir_elamite_lang	ir_persia_family
ir_persia_g	Iranian	ir_utian	Utian	ir_median_lang	ir_persia_family
ir_persia_g	Iranian	ir_pasargadi	Persian	ir_persian_lang	ir_persia_family
ir_persia_g	Iranian	ir_sagartian	Agartian	ir_parthian_lang	ir_persia_family
ir_persia_g	Iranian	ir_uxian	Uxian	ir_elamite_lang	ir_persia_family
ir_persia_g	Iranian	ir_amardian	Amardian	ir_parthian_lang	ir_persia_family
ir_persia_g	Iranian	ir_sarangian	Sarangian	ir_persian_lang	ir_persia_family
ir_persia_g	Iranian	ir_pactyan	Pactyan	ir_persian_lang	ir_persia_family
ir_persia_g	Iranian	ir_cossian	Cossian	ir_elamite_lang	ir_persia_family
ir_persia_g	Iranian	ir_cadusian	Cadusian	ir_median_lang	ir_persia_family
ir_persia_g	Iranian	ir_parthian	Parthian	ir_parthian_lang	ir_persia_family
ir_persia_g	Iranian	ir_parecanian	Parecanian	ir_persian_lang	ir_persia_family
ir_persia_g	Iranian	ir_carmanian	Carmanian	ir_persian_lang	ir_persia_family
ir_persia_g	Iranian	ir_median	Median	ir_median_lang	ir_persia_family
ir_persia_g	Iranian	ir_gedrosian	Gedrosian	ir_persian_lang	ir_persia_family
ir_persia_g	Iranian	ir_hyrcanian	Hyrcanian	ir_median_lang	ir_persia_family
ir_persia_g	Iranian	ir_sattagydian	Sattagydian	ir_persian_lang	ir_persia_family
ir_pracyan_g	Pracyan	ir_kalingan	Kalingan	ir_oriya_lang	ir_pracyan_family
ir_pracyan_g	Pracyan	ir_savara	Savaran	ir_oriya_lang	ir_pracyan_family
ir_pracyan_g	Pracyan	ir_kamarupi	Kamarupi	ir_kamarupi_lang	ir_pracyan_family
ir_pracyan_g	Pracyan	ir_bangli	Bangli	ir_bengali_lang	ir_pracyan_family
ir_pracyan_g	Pracyan	ir_pandra	Pandran	ir_bengali_lang	ir_pracyan_family
ir_pracyan_g	Pracyan	ir_vanga	Vangan	ir_bengali_lang	ir_pracyan_family
ir_pracyan_g	Pracyan	ir_atavi	Atavi	ir_oriya_lang	ir_pracyan_family
ir_pracyan_g	Pracyan	ir_magadhi	Magadhi	ir_magadhan_prakrit_lang	ir_pracyan_family
ir_pracyan_g	Pracyan	ir_kasi	Kasi	ir_magadhan_prakrit_lang	ir_pracyan_family
ir_pracyan_g	Pracyan	ir_vrji	Vrji	ir_magadhan_prakrit_lang	ir_pracyan_family
ir_pracyan_g	Pracyan	ir_malla	Mallan	ir_magadhan_prakrit_lang	ir_pracyan_family
ir_pracyan_g	Pracyan	ir_himalayan	Nepali	ir_himalayan_lang	ir_pracyan_family
ir_proto_european_g	Nuragic	ir_nuragic	Sardan	ir_proto_european_lang	ir_proto_european_family
ir_proto_european_g	Nuragic	ir_corsian	Corsian	ir_proto_european_lang	ir_proto_european_family
ir_proto_european_g	Nuragic	ir_talaiotic	Talaiotic	ir_proto_european_lang	ir_proto_european_family
ir_scythia_g	Sakan	ir_kharesmian	Kharesmian	ir_sogdian_lang	ir_bactrian_family
ir_scythia_g	Sakan	ir_sakan	Sakan	ir_saka_lang	ir_bactrian_family
ir_scythia_g	Sakan	ir_khotanese	Khotanese	ir_khotanese_lang	ir_scythia_family
ir_scythia_g	Sakan	ir_derbiccan	Dahaean	ir_massagetaean_lang	ir_scythia_family
ir_scythia_g	Sakan	ir_alani	Alani	ir_alanic_lang	ir_scythia_family
ir_scythia_g	Sakan	ir_jurcan	Jurcan	ir_scythian_lang	ir_scythia_family
ir_scythia_g	Sakan	ir_massagetaean	Massagetaean	ir_massagetaean_lang	ir_scythia_family
ir_south_levantine_g	Arabian	ir_makan	Makan	ir_old_north_arabian_lang	ir_south_levantine_family
ir_south_levantine_g	Arabian	ir_gerrhan	Gerrhan	ir_old_north_arabian_lang	ir_south_levantine_family
ir_south_levantine_g	Arabian	ir_taif	Ta'ific	ir_old_north_arabian_lang	ir_south_levantine_family
ir_south_levantine_g	Arabian	ir_thamudi	Thamudic	ir_old_north_arabian_lang	ir_south_levantine_family
ir_south_levantine_g	Arabian	ir_yamama	Yamama	ir_old_north_arabian_lang	ir_south_levantine_family
ir_south_levantine_g	Arabian	ir_nabatean	Nabatean	ir_nabatean_lang	ir_south_levantine_family
ir_south_levantine_g	Arabian	ir_qedarite	Qedarite	ir_old_north_arabian_lang	ir_south_levantine_family
ir_tibetan_g	Tibetan	ir_zhangzhung	Zhangzhung	ir_tibetic_lang	ir_tibetan_family
ir_tibetan_g	Tibetan	ir_sumpa	Sumpa	ir_tibetic_lang	ir_tibetan_family
ir_tibetan_g	Tibetan	ir_yarlung	Yarlung	ir_tibetic_lang	ir_tibetan_family
ir_tibetan_g	Tibetan	ir_tsang	Tsang	ir_tibetic_lang	ir_tibetan_family
ir_tibetan_g	Tibetan	ir_pyu	Pyu	ir_tibetic_lang	ir_tibetan_family
ir_west_levantine_g	Levantine	ir_carthaginian	Punic	ir_punic_lang	ir_pu_family
ir_west_levantine_g	Levantine	ir_phoenician	Phoenician	ir_phoenician_lang	ir_west_levantine_family
ir_west_levantine_g	Levantine	ir_hebrew	Hebrew	ir_hebrew_lang	ir_south_levantine_family
ir_chinese_g	Chinese	ir_qin	Qin	ir_old_chinese_lang	ir_chinese_family
ir_fezzani_g	Fezzani	ir_nasamonian	Nasamonian	ir_garamantian_lang	ir_fezzani_family
ir_fezzani_g	Fezzani	ir_macaean	Macaean	ir_garamantian_lang	ir_fezzani_family
ir_fezzani_g	Fezzani	ir_psyllic	Psyllic	ir_garamantian_lang	ir_fezzani_family
ir_fezzani_g	Fezzani	ir_garamantic	Garamantic	ir_garamantian_lang	ir_fezzani_family
ir_fezzani_g	Fezzani	ir_libyan	Libyan	ir_garamantian_lang	ir_fezzani_family
ir_fezzani_g	Fezzani	ir_berber	Berber	ir_garamantian_lang	ir_fezzani_family
ir_fezzani_g	Fezzani	ir_phazani	Phazanian	ir_garamantian_lang	ir_fezzani_family
ir_fezzani_g	Fezzani	ir_lotophagoi	Lotophagian	ir_garamantian_lang	ir_fezzani_family
ir_fezzani_g	Fezzani	ir_gyzantian	Gyzantian	ir_garamantian_lang	ir_fezzani_family
ir_fezzani_g	Fezzani	ir_atarantian	Atarantian	ir_garamantian_lang	ir_fezzani_family
ir_fezzani_g	Fezzani	ir_atlantean	Atlantean	ir_garamantian_lang	ir_fezzani_family
ir_finnic_group_g	Finnic	ir_mordvin	Mordvin	ir_mordvin_lang	ir_finnic_family
ir_finnic_group_g	Finnic	ir_androphagian	Androphagian	ir_volgaic_lang	ir_finnic_family
ir_finnic_group_g	Finnic	ir_volgaic	Volgaic	ir_volgaic_lang	ir_finnic_family
ir_finnic_group_g	Finnic	ir_fennic	Fennic	ir_proto_finnic_lang	ir_finnic_family
ir_nilotic_group_g	Nilotic	ir_moyan	Syrbotian	ir_dinka_lang	ir_nilotic_family
ir_nilotic_group_g	Nilotic	ir_alutan	Alutan	ir_dinka_lang	ir_nilotic_family
ir_nilotic_group_g	Nilotic	ir_boran	Megabarian	ir_dinka_lang	ir_nilotic_family
ir_nilotic_group_g	Nilotic	ir_adabulian	Adabulian	ir_dinka_lang	ir_nilotic_family
ir_nilotic_group_g	Nilotic	ir_rhizophagian	Rhizophagian	ir_dinka_lang	ir_nilotic_family
ir_nilotic_group_g	Nilotic	ir_kumuzan	Komuzan	ir_dinka_lang	ir_nilotic_family
ir_nilotic_group_g	Nilotic	ir_midobian	Midobi	ir_dinka_lang	ir_nilotic_family
ir_nilotic_group_g	Nilotic	ir_nubian	Nobataean	ir_nubian_lang	ir_meroitic_family
ir_nilotic_group_g	Nilotic	ir_zankorian	Zankori	ir_dinka_lang	ir_nilotic_family
ir_pu_g	Pu	ir_pubu	Palaung	ir_punic_lang	ir_pu_family
ir_pu_g	Pu	ir_mon	Mon	ir_punic_lang	ir_pu_family
ir_pu_g	Pu	ir_shan	Shan	ir_punic_lang	ir_pu_family
ir_pu_g	Pu	ir_jaintia	Jaintia	ir_punic_lang	ir_pu_family
ir_pu_g	Pu	ir_rhakine	Rhakine	ir_punic_lang	ir_pu_family
ir_scythian_east_g	Scythian	ir_scythian	Scythian	ir_scythian_lang	ir_scythia_family
ir_scythian_east_g	Scythian	ir_sarmatian	Sarmatian	ir_sarmatian_lang	ir_scythian_east_family
ir_scythian_east_g	Scythian	ir_siraci	Siracian	ir_sarmatian_lang	ir_scythian_east_family
ir_scythian_east_g	Scythian	ir_thyssagetaen	Thyssagetian	ir_massagetaean_lang	ir_scythia_family
ir_scythian_east_g	Scythian	ir_agathyrsian	Agathyrsian	ir_scythian_lang	ir_scythia_family
ir_scythian_east_g	Scythian	ir_gelonian	Gelonian	ir_scythian_lang	ir_scythia_family
ir_scythian_east_g	Scythian	ir_cimmerian	Cimmerian	ir_scythian_lang	ir_scythia_family
ir_south_arabian_g	Yemeni	ir_hadhrami	Hadhrami	ir_old_south_arabian_lang	ir_south_arabian_family
ir_south_arabian_g	Yemeni	ir_qatabanian	Qatabanian	ir_old_south_arabian_lang	ir_south_arabian_family
ir_south_arabian_g	Yemeni	ir_sheban	Sabaean	ir_old_south_arabian_lang	ir_south_arabian_family
ir_south_arabian_g	Yemeni	ir_minaean	Minaean	ir_old_south_arabian_lang	ir_south_arabian_family
ir_south_arabian_g	Yemeni	ir_himjar	Himyaritic	ir_himjaritic_lang	ir_south_arabian_family
ir_south_arabian_g	Yemeni	ir_samad	Samad	ir_old_south_arabian_lang	ir_south_arabian_family
ir_south_arabian_g	Yemeni	ir_adite	Aadite	ir_old_south_arabian_lang	ir_south_arabian_family
ir_south_arabian_g	Yemeni	ir_kindite	Kindite	ir_old_south_arabian_lang	ir_south_arabian_family
ir_thrace_group_g	Thracian	ir_triballoi	Triballian	ir_thracian_lang	ir_hellenic_family
ir_thrace_group_g	Thracian	ir_moesi	Crobyzian	ir_thracian_lang	ir_hellenic_family
ir_thrace_group_g	Thracian	ir_odrysi	Odrysian	ir_thracian_lang	ir_hellenic_family
ir_thrace_group_g	Thracian	ir_bithynian	Bithynian	ir_thracian_lang	ir_hellenic_family
ir_thrace_group_g	Thracian	ir_mariandynian	Mariandynian	ir_thracian_lang	ir_hellenic_family
