location	country	country_size	rank	region	region_modifier	target_value	raw_score	special_treatment	capital_override
abasenia	AVL	6	town	punt_region	5	3.000	24.167	no	0
abasgria	SCE	22	rural_settlement	taurica_region	5	-3.000	15.816	no	0
abliata	BOR	19	town	nubia_region	5	-1.000	23.030	no	0
acholla	ACO	2	city	africa_region	20	8.000	27.896	no	0
acragas	ACR	1	city	magna_graecia_region	28	11.000	28.655	no	0
acumincum	TOI	9	rural_settlement	pannonia_region	5	-8.000	8.998	no	0
ad_aras	CNT	11	rural_settlement	contestania_region	15	-3.000	14.226	no	0
ad_drinum	DND	6	rural_settlement	moesia_s_region	5	-8.000	10.836	no	0
ad_duos_pontes	GRV	2	rural_settlement	gallaecia_region	10	-3.000	11.126	no	0
ad_fines_germaniae	LTG	16	rural_settlement	germania_superior_region	7	-3.000	15.853	no	0
ad_picarias	CVI	3	rural_settlement	moesia_s_region	5	-3.000	13.034	no	0
ad_statuam	ANA	7	rural_settlement	dacia_region	5	-3.000	14.185	no	0
ad_vicessimum	AIA	8	rural_settlement	pannonia_region	5	-3.000	15.594	no	0
adouli	ADO	2	town	punt_region	5	6.000	25.350	no	0
agdz	PRO	11	rural_settlement	atlas_region	0	-3.000	14.046	no	0
agedincum_0	SNN	10	rural_settlement	central_gaul_region	10	-3.000	17.529	no	0
aginnum	NTB	9	rural_settlement	aquitaine_region	10	-3.000	17.362	no	0
aguntum	LAI	1	rural_settlement	rhaetia_region	7	-3.000	13.779	no	0
ahur	PRN	26	rural_settlement	parthia_region	18	-3.000	20.719	no	0
aigina	AGN	1	city	greece_region	30	-1.000	20.762	no	0
aigion	ACL	3	rural_settlement	greece_region	30	-3.000	19.736	no	0
ainona	LBN	7	rural_settlement	illyria_region	9	-3.000	17.654	no	0
akordat	ATG	4	rural_settlement	punt_region	5	-3.000	12.974	no	0
akroterion	BTU	3	rural_settlement	aquitaine_region	10	-3.000	12.544	no	0
aksum	AXM	7	town	punt_region	5	-1.000	21.581	no	0
alalaiou	DAL	1	rural_settlement	punt_region	5	-3.000	14.271	no	0
alba_helviorum	HVI	5	rural_settlement	transalpine_gaul_region	13	-3.000	17.261	no	0
albom_ingaunom	IGN	2	rural_settlement	cisalpine_gaul_region	15	-3.000	20.396	no	0
album_intimilium	INM	2	rural_settlement	cisalpine_gaul_region	15	-3.000	17.168	no	0
alesia	MDB	5	town	central_gaul_region	10	-3.000	19.111	no	0
alesia_germanica	BAT	1	rural_settlement	germania_region	0	-3.000	10.866	no	0
alexandreia_eschate	TAY	17	city	sogdiana_region	0	7.000	29.968	no	0
alexandria	EGY	192	city	lower_egypt_region	25	15.000	42.154	yes	10
alexandria_ad_caucasum	PRM	18	city	bactriana_region	15	4.000	28.717	no	0
alexandropolis	ARS	45	city	ariana_region	10	-2.000	26.161	yes	3
alisca	HCN	6	rural_settlement	pannonia_region	5	-3.000	17.292	no	0
alisutum	SUG	3	rural_settlement	germania_region	0	-3.000	11.914	no	0
altinum	VNT	14	town	cisalpine_gaul_region	15	1.000	24.371	no	0
alwa	AUT	15	town	nubia_region	5	8.000	29.439	no	0
amaseia	PON	16	town	cappadocia_pontica_region	10	-2.000	22.200	no	0
amblada	ABL	2	rural_settlement	cilicia_region	15	-3.000	12.951	no	0
ambrae	CTN	5	rural_settlement	rhaetia_region	7	-3.000	15.774	no	0
ambrakia	AMK	1	city	greece_region	30	6.000	25.701	no	0
amisos	AMS	4	town	bithynia_region	20	4.000	24.422	no	0
anaboura	MAN	4	rural_settlement	galatia_region	12	-3.000	16.518	no	0
anakopia	HNY	3	rural_settlement	colchis_region	12	-3.000	13.174	no	0
anartia	TEC	8	rural_settlement	dacia_region	5	-8.000	8.814	no	0
ancona	ANO	1	city	central_italy_region	28	7.000	26.421	no	0
andalapura	MSH	1	rural_settlement	karnata_region	23	-3.000	11.892	no	0
andecamulum	ADC	6	rural_settlement	aquitaine_region	10	-3.000	14.154	no	0
andematunnum	LNG	11	rural_settlement	central_gaul_region	10	-3.000	19.524	no	0
andhapura	ANH	16	town	vindhyaprstha_region	25	9.000	30.228	no	0
andros	ADR	3	rural_settlement	greece_region	30	-3.000	13.594	no	0
anglia_centralis	ANG	4	rural_settlement	scandinavia_region	0	-3.000	10.871	no	0
angustia	TYR	2	rural_settlement	dacia_region	5	-3.000	11.800	no	0
ani_1	AR2	34	town	cappadocia_pontica_region	10	-1.000	24.228	yes	2
anisus	BRE	2	rural_settlement	rhaetia_region	7	-3.000	11.900	no	0
ansibaria	AGR	3	rural_settlement	germania_region	0	-3.000	11.567	no	0
antigoneia	PRY	204	city	syria_region	25	9.000	35.981	yes	7
anuradhapura	ANU	14	town	dravida_region	25	5.000	27.003	no	0
apocopa	APC	1	town	punt_region	5	1.000	20.623	no	0
apollonia	APO	1	city	macedonia_region	25	0.000	21.256	no	0
apollonia_pontike	APL	3	town	thrace_region	20	-5.000	17.527	no	0
appiara	MOE	18	rural_settlement	moesia_region	15	-3.000	19.999	no	0
apsaros_1	ASP	1	rural_settlement	illyria_region	9	-3.000	14.202	no	0
apulum	APP	12	town	dacia_region	5	-3.000	20.656	no	0
aquae_tarbellicae	TRB	5	rural_settlement	aquitaine_region	10	-3.000	14.024	no	0
aquincum	EVS	17	rural_settlement	pannonia_region	5	-3.000	19.183	no	0
aracaeli	VAD	7	rural_settlement	tarraconensis_region	15	-3.000	13.586	no	0
aracillum	BLN	3	rural_settlement	gallaecia_region	10	-3.000	11.629	no	0
arados	ARA	6	town	syria_region	25	5.000	25.443	no	0
arakan	AKN	5	rural_settlement	burma_region	5	-3.000	16.630	no	0
arambys	MGD	1	town	atlas_region	0	-1.000	19.167	no	0
aravorum	PAE	5	rural_settlement	lusitania_region	10	-3.000	12.339	no	0
arbela	ADI	11	town	assyria_region	15	2.000	24.600	no	0
arbugae	VDL	3	rural_settlement	scandinavia_region	0	-8.000	9.000	no	0
aregelliana	HRD	3	rural_settlement	germania_region	0	-3.000	10.480	no	0
argentiolum	AMC	3	rural_settlement	gallaecia_region	10	-3.000	11.769	no	0
argos	ARG	5	town	greece_region	30	4.000	24.829	no	0
arkades	ARD	1	rural_settlement	greece_region	30	-3.000	17.887	no	0
arkatapura	TM0	2	rural_settlement	dravida_region	25	-3.000	16.590	no	0
armaouira	ARM	95	city	armenia_region	10	1.000	29.079	yes	5
aromata	AMO	1	town	punt_region	5	4.000	22.661	no	0
arpi	ARP	5	town	magna_graecia_region	28	1.000	22.876	no	0
arronia	ARR	3	rural_settlement	gallaecia_region	10	-3.000	11.769	no	0
artabron_limen	NRI	3	rural_settlement	gallaecia_region	10	-3.000	11.769	no	0
artanes	BIT	4	rural_settlement	bithynia_region	20	-3.000	20.566	no	0
arunda	CIP	7	town	baetica_region	18	1.000	22.839	no	0
arykanda	AKY	2	town	cilicia_region	15	-7.000	16.114	no	0
arzeila	KUS	1	town	mauretainia_region	5	-3.000	17.320	no	0
ascaucalis	BUR	4	rural_settlement	venedia_region	0	-8.000	6.083	no	0
asido	LSC	1	rural_settlement	baetica_region	18	-3.000	15.027	no	0
askrebion	ABI	4	rural_settlement	illyria_region	9	-3.000	11.950	no	0
assegonia	SLN	2	rural_settlement	gallaecia_region	10	-3.000	12.010	no	0
astakos	AST	1	town	bithynia_region	20	4.000	22.778	no	0
astigi	ASG	6	town	baetica_region	18	-2.000	20.497	no	0
asturicia	BDU	4	rural_settlement	gallaecia_region	10	-3.000	12.160	no	0
athani	KUN	22	town	aparanta_region	27	5.000	27.899	no	0
athens	ATH	7	city	greece_region	30	12.000	31.956	no	0
atura	TRS	3	rural_settlement	aquitaine_region	10	-3.000	13.164	no	0
aufidena	MRS	3	rural_settlement	central_italy_region	28	-3.000	19.361	no	0
augemmi	GIN	10	rural_settlement	africa_region	20	-3.000	15.654	no	0
augila	NAS	12	town	fezzan_region	0	-1.000	23.168	no	0
augustobona	TRC	6	rural_settlement	central_gaul_region	10	-3.000	13.523	no	0
augustodunum	AED	12	rural_settlement	central_gaul_region	10	-3.000	13.832	no	0
augustodurum	ESV	3	rural_settlement	armorica_region	10	-3.000	12.684	no	0
aulercorum	EBV	7	rural_settlement	armorica_region	10	-3.000	18.421	no	0
auso	AUI	6	rural_settlement	tarraconensis_region	15	-3.000	13.933	no	0
autenia	NAG	4	rural_settlement	caledonia_region	0	-3.000	11.186	no	0
autenia_australis	ATN	3	rural_settlement	caledonia_region	0	-8.000	7.395	no	0
autricum	CRN	10	rural_settlement	armorica_region	10	-3.000	14.454	no	0
avaricum	BGT	15	town	central_gaul_region	10	1.000	24.651	no	0
avila	CLU	5	rural_settlement	lusitania_region	10	-3.000	12.339	no	0
avionia_maior	AVO	3	rural_settlement	scandinavia_region	0	-3.000	10.905	no	0
aykudi	AYY	5	town	karnata_region	23	7.000	26.906	no	0
bactra	BAC	90	city	bactriana_region	15	9.000	34.010	yes	5
baemia	BOA	15	rural_settlement	bohemia_region	0	-3.000	12.524	no	0
bagacum	NRV	10	rural_settlement	belgica_region	10	-3.000	19.512	no	0
bagan	DRY	2	rural_settlement	punt_region	5	-3.000	15.259	no	0
bambyce	BMB	4	town	syria_region	25	1.000	22.488	no	0
bao	TIM	2	rural_settlement	moesia_s_region	5	-3.000	11.800	no	0
baqbaqah	DOC	6	rural_settlement	nubia_region	5	-3.000	14.577	no	0
barium	APU	5	town	magna_graecia_region	28	2.000	23.300	no	0
barskhan	SOG	23	town	sogdiana_region	0	1.000	25.402	no	0
basivka	BDI	26	rural_settlement	borysthenia_region	0	-3.000	20.549	no	0
basti	BAI	9	town	contestania_region	15	-2.000	21.059	no	0
batavis	COS	3	rural_settlement	rhaetia_region	7	-3.000	14.385	no	0
beikthano	BKT	1	rural_settlement	burma_region	5	-3.000	12.388	no	0
belgola	TA1	3	town	karnata_region	23	5.000	24.696	no	0
berenike_pancrysia	BMY	32	rural_settlement	lower_nubia_region	0	-3.000	16.787	no	0
bergidum_flavium	SPT	3	rural_settlement	gallaecia_region	10	-3.000	12.373	no	0
bhojakata	PLD	19	town	vindhyaprstha_region	25	-4.000	20.679	no	0
binnaka	BNN	2	rural_settlement	burma_region	5	-3.000	12.275	no	0
birka	SWE	5	rural_settlement	scandinavia_region	0	-8.000	10.062	no	0
bistua_nova	DUI	4	rural_settlement	illyria_region	9	-3.000	15.245	no	0
blagoveshchenskaya	MLN	19	rural_settlement	borysthenia_region	0	-3.000	22.568	no	0
bletsima	BLT	8	rural_settlement	lusitania_region	10	-3.000	14.583	no	0
bocouriqua	CLO	4	rural_settlement	lusitania_region	10	-3.000	12.904	no	0
bonna	CAE	3	rural_settlement	belgica_region	10	-3.000	16.118	no	0
bononia	BOI	9	town	cisalpine_gaul_region	15	-3.000	20.597	no	0
borysthenia	SCY	47	town	taurica_region	5	-1.000	25.417	yes	3
boumia	CET	10	rural_settlement	atlas_region	0	-3.000	15.715	no	0
bovianum	SAM	11	town	magna_graecia_region	28	8.000	28.375	no	0
bracara_augusta	BRC	3	rural_settlement	lusitania_region	10	-3.000	16.394	no	0
bravum	MRC	3	rural_settlement	tarraconensis_region	15	-3.000	11.769	no	0
brigantia_australis	BGA	2	rural_settlement	caledonia_region	0	-3.000	12.739	no	0
brigantium	BRG	4	rural_settlement	rhaetia_region	7	-3.000	16.009	no	0
brigensium	COC	1	rural_settlement	tarraconensis_region	15	-3.000	11.160	no	0
buca	FRE	4	town	central_italy_region	28	1.000	22.153	no	0
buridava	BUD	10	town	dacia_region	5	-2.000	21.502	no	0
burrium	SIR	4	rural_settlement	britain_region	10	-3.000	11.081	no	0
byblos	BYB	3	town	syria_region	25	6.000	25.574	no	0
byzantion	BYZ	5	town	thrace_region	20	2.000	23.314	no	0
cadota	JJE	3	town	himalayan_region	5	-1.000	21.150	no	0
caelius_mons	TIG	7	rural_settlement	rhaetia_region	7	-3.000	13.726	no	0
caesarodunum	TRO	9	rural_settlement	armorica_region	10	-3.000	19.152	no	0
caesaromagus	BLV	4	rural_settlement	belgica_region	10	-3.000	12.934	no	0
caetobriga	SFI	7	rural_settlement	lusitania_region	10	-3.000	14.377	no	0
caiellum	AVG	2	rural_settlement	gallaecia_region	10	-3.000	13.099	no	0
calagurris_iulia	VSC	11	rural_settlement	tarraconensis_region	15	-3.000	16.952	no	0
caledonii	CAL	3	rural_settlement	caledonia_region	0	-3.000	11.215	no	0
callatis	KTS	3	town	moesia_region	15	8.000	26.992	no	0
caluconia	MCM	2	rural_settlement	germania_region	0	-8.000	8.583	no	0
camarica	VDI	3	rural_settlement	gallaecia_region	10	-3.000	12.513	no	0
cambodunum	ESO	5	rural_settlement	rhaetia_region	7	-3.000	17.103	no	0
camulodunum	TRI	7	town	britain_region	10	-3.000	19.703	no	0
candulum	QUA	2	rural_settlement	germania_region	0	-3.000	13.112	no	0
canovium	DEC	2	rural_settlement	britain_region	10	-3.000	10.327	no	0
capera	IGD	4	rural_settlement	lusitania_region	10	-3.000	12.020	no	0
capsa	ATA	4	rural_settlement	fezzan_region	0	-3.000	13.189	no	0
caranicum	COP	4	rural_settlement	gallaecia_region	10	-3.000	13.044	no	0
caranusca	TVI	22	rural_settlement	belgica_region	10	-3.000	17.543	no	0
carmo	CRM	7	town	baetica_region	18	1.000	23.269	no	0
carnium	KRN	3	rural_settlement	pannonia_region	5	-3.000	19.696	no	0
carnonacae	CAN	3	rural_settlement	caledonia_region	0	-8.000	8.095	no	0
carthago	CAR	100	city	africa_region	20	14.000	38.887	yes	8
carvium	BRU	7	rural_settlement	germania_region	0	-3.000	13.292	no	0
castellum	MNP	9	rural_settlement	belgica_region	10	-3.000	14.778	no	0
castellum_meidunium	INT	3	rural_settlement	gallaecia_region	10	-3.000	11.629	no	0
castra_arcidava	ABN	4	rural_settlement	dacia_region	5	-3.000	13.495	no	0
castra_bistrita	POT	10	rural_settlement	dacia_region	5	-3.000	14.409	no	0
castra_cecilia	EBL	5	rural_settlement	lusitania_region	10	-3.000	11.470	no	0
castra_regina	RUC	3	rural_settlement	rhaetia_region	7	-3.000	13.315	no	0
castulo	ORT	12	town	baetica_region	18	2.000	24.533	no	0
caucia	ELA	4	rural_settlement	caledonia_region	0	-3.000	11.119	no	0
celeia	TSC	10	rural_settlement	pannonia_region	5	-3.000	14.269	no	0
chabala	ALB	32	rural_settlement	albania_region	0	-3.000	16.454	no	0
chakrakot	IDR	7	town	vindhyaprstha_region	25	-3.000	19.891	no	0
chalcedon	CDD	2	town	bithynia_region	20	9.000	26.743	no	0
chaleion	AMP	1	rural_settlement	greece_region	30	-3.000	16.690	no	0
chattuaria	UBI	8	rural_settlement	germania_region	0	-3.000	12.214	no	0
cherchen	QIM	2	town	himalayan_region	5	3.000	22.533	no	0
chersonesos	CHS	4	town	taurica_region	5	8.000	27.122	no	0
chersonesos_vanavasi	TA4	3	town	karnata_region	23	5.000	25.260	no	0
chongye	YRL	13	rural_settlement	tibet_region	0	-3.000	16.464	no	0
chrononia	AES	5	rural_settlement	venedia_region	0	-8.000	8.454	no	0
cimbria_australis	CMB	5	rural_settlement	scandinavia_region	0	-8.000	9.709	no	0
cirta	MSY	42	town	numidia_region	12	5.000	29.373	yes	5
clavenna	LPO	7	rural_settlement	rhaetia_region	7	-3.000	17.221	no	0
clepidava	TYG	9	rural_settlement	scythia_region	0	-3.000	12.175	no	0
colapattinam	T10	1	rural_settlement	dravida_region	25	-3.000	15.690	no	0
conbaristum	NMN	7	rural_settlement	armorica_region	10	-3.000	13.757	no	0
condate_arvernorum	RUT	5	rural_settlement	transalpine_gaul_region	13	-3.000	13.734	no	0
condate_redonum	RDO	5	rural_settlement	armorica_region	10	-3.000	13.083	no	0
conimbriga	TDT	8	rural_settlement	lusitania_region	10	-3.000	18.263	no	0
consentia	BRT	3	rural_settlement	magna_graecia_region	28	-3.000	18.028	no	0
consoranni	CNS	3	rural_settlement	transalpine_gaul_region	13	-3.000	12.684	no	0
corfinium	PEL	3	rural_settlement	central_italy_region	28	-3.000	17.969	no	0
corinium	DOB	13	rural_settlement	britain_region	10	-3.000	13.891	no	0
coriondia_australis	COR	2	rural_settlement	caledonia_region	0	-8.000	7.451	no	0
coriondia_borealis	MNA	3	rural_settlement	caledonia_region	0	-3.000	10.588	no	0
coriosolitum	CIO	4	rural_settlement	armorica_region	10	-3.000	13.044	no	0
cornavii	CON	2	rural_settlement	caledonia_region	0	-8.000	7.451	no	0
cossium	VCT	4	rural_settlement	aquitaine_region	10	-3.000	16.009	no	0
couneia	CNU	6	rural_settlement	baetica_region	18	-3.000	13.492	no	0
croton	CRO	1	city	magna_graecia_region	28	8.000	26.934	no	0
crouciaconnum	VNL	8	rural_settlement	armorica_region	10	-3.000	13.792	no	0
cularo	CUT	4	rural_settlement	transalpine_gaul_region	13	-3.000	15.068	no	0
cydamus	PHZ	10	town	fezzan_region	0	3.000	24.649	no	0
dadybra	KAK	3	rural_settlement	bithynia_region	20	-3.000	13.182	no	0
damasia	VNN	4	rural_settlement	rhaetia_region	7	-3.000	15.723	no	0
damnonii	DNN	6	rural_settlement	caledonia_region	0	-8.000	8.934	no	0
damoh	ATV	18	town	madhyadesa_region	30	3.000	26.343	no	0
dedan	LHY	24	rural_settlement	arabia_region	5	-3.000	17.706	no	0
delminion	DLM	9	rural_settlement	illyria_region	9	-3.000	14.708	no	0
delos	DEL	9	town	greece_region	30	2.000	24.189	no	0
delphi	DLP	1	city	greece_region	30	6.000	25.552	no	0
dertosa	ICV	8	town	tarraconensis_region	15	1.000	23.666	no	0
devagiri	BOJ	11	town	aparanta_region	27	0.000	23.191	no	0
devaprayaga	NBA	8	town	madhyadesa_region	30	7.000	27.665	no	0
devona	NMI	6	rural_settlement	bohemia_region	0	-3.000	13.813	no	0
diablintum	DBL	2	rural_settlement	armorica_region	10	-3.000	12.958	no	0
didunia	NAH	2	rural_settlement	bohemia_region	0	-8.000	8.286	no	0
dierna	SLD	6	rural_settlement	dacia_region	5	-3.000	16.711	no	0
dighavapi	RHN	10	town	dravida_region	25	-4.000	20.156	no	0
dinogetia	HRP	11	rural_settlement	scythia_region	0	-3.000	15.748	no	0
dioscoridus	DIO	1	town	punt_region	5	-3.000	17.494	no	0
divodurum	MDM	12	rural_settlement	germania_superior_region	7	-3.000	18.516	no	0
djanet	ATL	1	rural_settlement	fezzan_region	0	-3.000	9.095	no	0
dolaucothi	DEM	5	rural_settlement	britain_region	10	-3.000	13.814	no	0
dulgia	CHA	4	rural_settlement	germania_region	0	-3.000	13.630	no	0
durocatalaunum	CTL	5	rural_settlement	belgica_region	10	-3.000	12.339	no	0
durocortorum	RMI	6	rural_settlement	belgica_region	10	-3.000	12.608	no	0
durotincum	LMV	17	rural_settlement	aquitaine_region	10	-3.000	16.235	no	0
durovernum	CAT	6	town	britain_region	10	0.000	22.246	no	0
dyruzh	SA4	5	rural_settlement	sakia_region	0	-3.000	11.849	no	0
dysopon	PSY	5	rural_settlement	cyrenaica_region	13	-3.000	11.771	no	0
eblana	CAU	3	rural_settlement	caledonia_region	0	-8.000	9.842	no	0
ebora	CLC	11	rural_settlement	lusitania_region	10	-3.000	18.988	no	0
eboracum	PAS	3	rural_settlement	britain_region	10	-3.000	14.712	no	0
ebura	EBI	9	rural_settlement	baetica_region	18	-3.000	13.163	no	0
eburodunum	CTR	4	rural_settlement	transalpine_gaul_region	13	-3.000	15.776	no	0
ebusus	IBA	1	town	contestania_region	15	3.000	22.154	no	0
edeta	EDT	6	rural_settlement	contestania_region	15	-3.000	14.294	no	0
ein	EIN	1	rural_settlement	lower_nubia_region	0	-8.000	8.067	no	0
elateia	PHO	1	rural_settlement	greece_region	30	-3.000	16.975	no	0
elimberrum	ASC	5	rural_settlement	aquitaine_region	10	-3.000	16.375	no	0
elis	ELI	2	city	greece_region	30	7.000	26.957	no	0
elotana	DEI	6	rural_settlement	contestania_region	15	-3.000	13.492	no	0
elysia	HEL	4	rural_settlement	venedia_region	0	-8.000	6.223	no	0
emporiae	EPO	3	town	tarraconensis_region	15	8.000	26.450	no	0
eowia	GIT	5	rural_settlement	scandinavia_region	0	-3.000	11.457	no	0
epidamnos	TLN	7	town	macedonia_region	25	-2.000	20.952	no	0
epidauros	EPD	1	city	greece_region	30	0.000	21.918	no	0
epidauros_illyrikos	EPM	2	town	illyria_region	9	-1.000	19.711	no	0
epora	EPR	5	town	baetica_region	18	3.000	23.832	no	0
eudosia_australis	CHD	4	rural_settlement	scandinavia_region	0	-3.000	10.871	no	0
fao	DAB	5	rural_settlement	nubia_region	5	-3.000	15.597	no	0
figuig	DPH	11	rural_settlement	atlas_region	0	-3.000	15.372	no	0
finnaithae	FAV	5	rural_settlement	scandinavia_region	0	-8.000	9.709	no	0
flavionavia	LGO	2	rural_settlement	gallaecia_region	10	-3.000	12.010	no	0
flevum	SXS	4	rural_settlement	germania_region	0	-3.000	14.006	no	0
forum_limicorum	TMG	1	rural_settlement	gallaecia_region	10	-3.000	14.312	no	0
gabrosentum	CAV	4	rural_settlement	britain_region	10	-3.000	12.694	no	0
gadir_0	GAD	3	town	baetica_region	18	6.000	25.958	no	0
gadir_1	AGG	1	town	atlas_region	0	-1.000	19.405	no	0
galetia_occidentalis	CLT	4	rural_settlement	belgica_region	10	-3.000	13.555	no	0
galindia_occidentalis	VND	7	rural_settlement	venedia_region	0	-3.000	15.084	no	0
gamal	RHZ	5	rural_settlement	nubia_region	5	-3.000	14.777	no	0
ganga	TM1	4	town	karnata_region	23	4.000	24.063	no	0
gangania_australis	GAN	5	rural_settlement	caledonia_region	0	-8.000	8.104	no	0
gangra	PAP	17	town	bithynia_region	20	-1.000	22.921	no	0
garama	GAR	30	town	fezzan_region	0	5.000	28.109	no	0
gathar	PSS	8	rural_settlement	parthia_region	18	-3.000	18.206	no	0
gazaka	MAP	66	town	media_region	20	1.000	26.969	yes	4
gela	GEL	1	town	magna_graecia_region	28	6.000	24.315	no	0
gelon	GLO	11	town	borysthenia_region	0	-2.000	21.801	no	0
gemellae	GAE	18	rural_settlement	numidia_region	12	-3.000	17.439	no	0
genua	GUN	4	town	cisalpine_gaul_region	15	1.000	22.228	no	0
gerrha	GRH	14	town	arabia_region	5	11.000	32.289	no	0
ghardaia	MGU	19	rural_settlement	atlas_region	0	-3.000	17.314	no	0
gidheys	BER	4	town	punt_region	5	1.000	22.494	no	0
gortyna	GRT	2	town	greece_region	30	10.000	27.816	no	0
gramera	KRP	20	town	burma_region	5	-1.000	23.351	no	0
gran	SCA	24	rural_settlement	sakia_region	0	-3.000	17.593	no	0
griselica	ABC	4	rural_settlement	transalpine_gaul_region	13	-3.000	19.059	no	0
grumentum	LCA	6	rural_settlement	magna_graecia_region	28	-3.000	17.043	no	0
gwara	GWN	9	rural_settlement	punt_region	5	-3.000	19.835	no	0
hadrametum	HDR	1	city	africa_region	20	6.000	25.708	no	0
hajir	AX0	7	rural_settlement	arabia_region	5	-3.000	17.361	no	0
halikarnassos	HKS	2	city	asia_region	25	4.000	25.363	no	0
halin	HAL	2	town	burma_region	5	-3.000	18.144	no	0
harenatium	EBS	11	rural_settlement	belgica_region	10	-3.000	19.471	no	0
hasta_0	ASA	6	town	baetica_region	18	0.000	22.160	no	0
helveconiana	GTH	5	rural_settlement	venedia_region	0	-3.000	12.115	no	0
hemeroskopeion	HMK	2	town	contestania_region	15	5.000	24.349	no	0
heraclea	HCL	2	city	magna_graecia_region	28	5.000	25.801	no	0
heraclea_minoa	HEM	1	city	magna_graecia_region	28	4.000	24.512	no	0
herakleia_pontike	HCP	3	town	bithynia_region	20	5.000	24.527	no	0
hermione	HRM	1	town	greece_region	30	1.000	20.832	no	0
herulia_centralis	EUD	4	rural_settlement	scandinavia_region	0	-3.000	12.654	no	0
hierapytna	IEP	1	town	greece_region	30	9.000	26.845	no	0
hipponium	HPO	1	town	magna_graecia_region	28	7.000	25.064	no	0
histria	ISO	6	town	moesia_region	15	5.000	25.551	no	0
hnaw_kan	HWK	2	rural_settlement	burma_region	5	-3.000	13.170	no	0
homonadeis	HMD	2	rural_settlement	galatia_region	12	-3.000	14.841	no	0
hygreis	IAZ	43	rural_settlement	taurica_region	5	-3.000	21.185	yes	1
iazygiana	TOL	6	rural_settlement	pannonia_region	5	-3.000	15.057	no	0
ilerda	ILG	9	rural_settlement	tarraconensis_region	15	-3.000	13.163	no	0
iligh	LXT	11	rural_settlement	atlas_region	0	-3.000	16.147	no	0
ilion	TRD	12	town	asia_region	25	3.000	24.830	no	0
ilipla	ILP	5	town	baetica_region	18	1.000	22.765	no	0
insula_anglorum	HRE	3	rural_settlement	scandinavia_region	0	-3.000	15.713	no	0
interamnia	SAB	3	rural_settlement	central_italy_region	28	-3.000	19.450	no	0
intercatia	VCI	11	rural_settlement	gallaecia_region	10	-3.000	14.436	no	0
iol	IOL	2	town	numidia_region	12	3.000	22.922	no	0
iporca	TDL	13	town	baetica_region	18	-1.000	22.572	no	0
iram	AX6	5	town	arabia_felix_region	5	-2.000	20.794	no	0
isamnion	ULT	3	rural_settlement	caledonia_region	0	-8.000	9.490	no	0
isarnodurum	AMB	2	rural_settlement	rhaetia_region	7	-3.000	13.099	no	0
isaura	ISU	3	town	galatia_region	12	-7.000	16.195	no	0
isca_dumnoniorum	DUM	8	town	britain_region	10	3.000	24.382	no	0
isinda	ISI	2	rural_settlement	cilicia_region	15	-3.000	12.951	no	0
isinisca	ALN	10	rural_settlement	rhaetia_region	7	-3.000	15.513	no	0
issa	PHA	4	town	illyria_region	9	2.000	22.926	no	0
issyk	WUS	37	rural_settlement	sogdiana_region	0	-3.000	20.928	yes	1
isurium	BRI	16	rural_settlement	britain_region	10	-3.000	16.060	no	0
italica	IPT	5	town	baetica_region	18	-1.000	21.286	no	0
iuncaria	IDK	7	rural_settlement	tarraconensis_region	15	-3.000	14.745	no	0
ivernia	IVE	5	rural_settlement	caledonia_region	0	-8.000	10.059	no	0
jebel_moya	MOY	9	rural_settlement	nubia_region	5	-3.000	21.468	no	0
jerusalem	JUD	6	town	palestine_region	20	5.000	26.361	no	0
jubbah	AX5	1	town	arabia_region	5	-4.000	16.550	no	0
kabyle	KAB	2	rural_settlement	thrace_region	20	-3.000	14.491	no	0
kach_kouch	SOC	10	rural_settlement	mauretainia_region	5	-3.000	15.513	no	0
kadinava	TM5	3	rural_settlement	dravida_region	25	-3.000	13.175	no	0
kahl	AX1	5	town	arabia_region	5	-3.000	19.651	no	0
kalinganagara	KAL	30	town	vindhyaprstha_region	25	9.000	31.481	no	0
kalligeris	TA8	3	rural_settlement	karnata_region	23	-3.000	18.788	no	0
kalyani	MLY	6	town	dravida_region	25	-3.000	20.246	no	0
karmana	CAM	24	city	ariana_region	10	6.000	30.060	no	0
karmanta	SMT	16	town	burma_region	5	2.000	24.982	no	0
karna	MIN	26	town	arabia_felix_region	5	8.000	29.984	no	0
karur	KSR	9	town	dravida_region	25	-1.000	22.743	no	0
kashgar	SHU	7	town	himalayan_region	5	6.000	27.201	no	0
kastabala	CAS	3	town	cilicia_region	15	-1.000	20.976	no	0
katys	ROX	30	rural_settlement	taurica_region	5	-3.000	19.875	no	0
kaynbulak	SA0	58	rural_settlement	central_asian_steppes_region	0	-3.000	21.489	yes	2
kefalonia	KEF	2	rural_settlement	greece_region	30	-3.000	17.684	no	0
keili	MEM	5	rural_settlement	nubia_region	5	-3.000	15.487	no	0
kelenderis	KLD	3	town	cilicia_region	15	-1.000	21.081	no	0
kerasous	KRS	2	rural_settlement	cappadocia_pontica_region	10	-3.000	13.255	no	0
kerkouane	KUA	2	city	africa_region	20	2.000	24.012	no	0
kezhen	PHY	11	town	himalayan_region	5	-4.000	19.844	no	0
khoubana	ABA	11	rural_settlement	atlas_region	0	-3.000	15.105	no	0
khulor	MAE	7	rural_settlement	taurica_region	5	-3.000	14.458	no	0
khyunglung	ZHZ	40	town	himalayan_region	5	-1.000	24.268	yes	2
kibyra	KIB	4	rural_settlement	cilicia_region	15	-3.000	14.540	no	0
knidos	KNI	2	town	asia_region	25	-1.000	20.577	no	0
knossos	KNO	1	town	greece_region	30	8.000	25.378	no	0
komana_hierapolis	KAP	18	town	cappadocia_region	15	1.000	24.583	no	0
komana_pontike	KOM	3	town	cappadocia_pontica_region	10	-2.000	19.738	no	0
kondapuram	ASM	31	rural_settlement	vindhyaprstha_region	25	-3.000	20.632	no	0
konghelle	LEU	6	rural_settlement	scandinavia_region	0	-3.000	11.078	no	0
korinthos	KOR	1	town	greece_region	30	3.000	21.666	no	0
korkyra	KRK	3	town	greece_region	30	0.000	21.251	no	0
korotan	SCI	6	rural_settlement	vistulia_region	0	-8.000	6.462	no	0
kos	KOS	3	rural_settlement	asia_region	25	-3.000	18.144	no	0
kotais	COL	22	town	colchis_region	12	0.000	24.351	no	0
kotenna	KTN	2	rural_settlement	cilicia_region	15	-3.000	12.951	no	0
kottis	TM3	3	rural_settlement	dravida_region	25	-3.000	17.742	no	0
kuche	KSA	5	town	himalayan_region	5	8.000	27.394	no	0
kumo	GMO	2	rural_settlement	himalayan_region	5	-3.000	17.052	no	0
kydonia	KYD	1	town	greece_region	30	4.000	22.853	no	0
kyrene	CYR	33	town	cyrenaica_region	13	10.000	32.010	yes	5
kyzikos	KZK	4	town	asia_region	25	3.000	23.228	no	0
lacon	KEL	3	rural_settlement	central_italy_region	28	-3.000	14.498	no	0
lancia	LCN	4	rural_settlement	gallaecia_region	10	-3.000	17.159	no	0
langobardia	LGB	6	rural_settlement	germania_region	0	-3.000	13.268	no	0
lappa	LAP	1	rural_settlement	greece_region	30	-3.000	16.541	no	0
laranda	LAR	3	rural_settlement	galatia_region	12	-3.000	13.595	no	0
laudicum	MNI	8	rural_settlement	vistulia_region	0	-8.000	9.409	no	0
lausonna	VRB	5	rural_settlement	rhaetia_region	7	-3.000	16.941	no	0
layla	AX3	5	rural_settlement	arabia_region	5	-3.000	12.269	no	0
lemeshevichi	NEU	31	rural_settlement	borysthenia_region	0	-3.000	22.521	no	0
leptis_magna	TRP	10	rural_settlement	cyrenaica_region	13	-3.000	19.665	no	0
leptis_minor	LPT	1	city	africa_region	20	3.000	23.887	no	0
levobrinta	ORD	7	rural_settlement	britain_region	10	-3.000	15.266	no	0
lexoviorum	LXV	4	rural_settlement	armorica_region	10	-3.000	12.904	no	0
lhasa	SMP	22	town	tibet_region	0	5.000	27.958	no	0
libarna	EPA	5	rural_settlement	cisalpine_gaul_region	15	-3.000	17.565	no	0
libisonis	CRC	3	rural_settlement	central_italy_region	28	-3.000	13.344	no	0
limia	LUN	4	rural_settlement	gallaecia_region	10	-3.000	13.415	no	0
limonum	PCS	16	rural_settlement	aquitaine_region	10	-3.000	18.985	no	0
limusa	ADZ	7	rural_settlement	pannonia_region	5	-3.000	16.783	no	0
lingum	RUG	4	rural_settlement	scandinavia_region	0	-3.000	11.138	no	0
lixisis	BIE	6	rural_settlement	dacia_region	5	-8.000	9.769	no	0
lixus	LIX	3	town	mauretainia_region	5	-6.000	17.169	no	0
lobeton	BOL	7	rural_settlement	contestania_region	15	-3.000	14.388	no	0
locri_0	LOC	3	town	magna_graecia_region	28	-1.000	20.923	no	0
lucus	SUR	2	rural_settlement	gallaecia_region	10	-3.000	16.125	no	0
lucus_asturum	SLI	3	rural_settlement	gallaecia_region	10	-3.000	12.373	no	0
lugdunum_convenarum	BIG	3	rural_settlement	aquitaine_region	10	-3.000	16.371	no	0
lutetia	PRS	6	town	belgica_region	10	-3.000	20.271	no	0
lyctus	LYT	1	rural_settlement	greece_region	30	-3.000	20.070	no	0
lysimacheia	TRE	24	city	thrace_region	20	14.000	35.886	no	0
madurai	PND	19	town	dravida_region	25	11.000	31.931	no	0
maganan	GYM	5	rural_settlement	nubia_region	5	-3.000	14.815	no	0
mahisha	TM2	3	town	karnata_region	23	8.000	26.329	no	0
mahismati	HYA	15	city	aparanta_region	27	11.000	32.194	no	0
mai_adrasha	MDR	5	town	punt_region	5	3.000	23.734	no	0
makarabah	THD	17	rural_settlement	arabia_region	5	-3.000	20.187	no	0
malao	MAL	1	town	punt_region	5	3.000	22.046	no	0
male	MDP	7	rural_settlement	karnata_region	23	-3.000	17.745	no	0
manavia	MON	1	rural_settlement	caledonia_region	0	-3.000	12.278	no	0
mantinea	ARK	5	rural_settlement	greece_region	30	-3.000	18.472	no	0
mantora	HAR	6	rural_settlement	vistulia_region	0	-8.000	8.759	no	0
mantua_carpetania	AEL	2	rural_settlement	contestania_region	15	-3.000	13.374	no	0
mariaba	SHB	20	town	arabia_felix_region	5	8.000	29.874	no	0
mariones	REU	6	rural_settlement	scandinavia_region	0	-3.000	11.884	no	0
marionis	SUA	10	rural_settlement	germania_region	0	-8.000	11.263	no	0
maronis	OTN	2	rural_settlement	pannonia_region	5	-3.000	9.627	no	0
marrakech	ATO	17	rural_settlement	atlas_region	0	-3.000	13.112	no	0
marsonia	BCI	9	rural_settlement	moesia_s_region	5	-3.000	17.384	no	0
massalia	MAS	6	town	transalpine_gaul_region	13	10.000	29.344	no	0
mastia	MAT	3	town	contestania_region	15	1.000	21.972	no	0
matavo	DCA	2	rural_settlement	transalpine_gaul_region	13	-3.000	16.125	no	0
mattium	USI	4	rural_settlement	germania_region	0	-8.000	9.180	no	0
mayurasattapattinam	TDN	5	town	dravida_region	25	11.000	30.802	no	0
mazaka	CAP	43	town	cappadocia_region	15	-1.000	25.205	yes	2
media	RAT	5	rural_settlement	dacia_region	5	-3.000	17.113	no	0
mediolanum_1	INS	15	rural_settlement	cisalpine_gaul_region	15	-3.000	17.350	no	0
megalopolis	MGL	1	town	greece_region	30	5.000	23.477	no	0
megara_0	MGA	1	city	greece_region	30	8.000	27.127	no	0
meidob	MOB	3	town	lower_nubia_region	0	-7.000	16.388	no	0
melange	TM7	4	town	dravida_region	25	1.000	22.087	no	0
meliboia	FOS	3	rural_settlement	germania_region	0	-3.000	11.349	no	0
melocavus	VAN	5	rural_settlement	germania_region	0	-3.000	10.840	no	0
mentesa	MTS	4	rural_settlement	contestania_region	15	-3.000	12.834	no	0
menturia	MSP	4	town	magna_graecia_region	28	-2.000	20.394	no	0
meroe	KSH	83	town	nubia_region	5	-1.000	26.171	yes	4
meschistha_harmozike	IBR	41	town	colchis_region	12	6.000	29.902	yes	5
mesembria	MES	2	city	thrace_region	20	-5.000	18.994	no	0
mesphe	MKA	30	rural_settlement	fezzan_region	0	-3.000	18.887	no	0
messaad	CPA	10	rural_settlement	atlas_region	0	-3.000	14.219	no	0
messene	MSE	3	city	greece_region	30	12.000	30.462	no	0
metallum_vipescense	CMS	6	rural_settlement	lusitania_region	10	-3.000	14.143	no	0
metapontum	MET	1	town	magna_graecia_region	28	4.000	22.820	no	0
miaccum	MOC	3	rural_settlement	contestania_region	15	-3.000	14.123	no	0
miletos	MLO	3	town	asia_region	25	6.000	25.540	no	0
minagana	VDP	3	town	vindhyaprstha_region	25	-1.000	20.272	no	0
mohur	PRB	4	rural_settlement	dravida_region	25	-3.000	19.957	no	0
momalle	CND	4	rural_settlement	belgica_region	10	-3.000	16.281	no	0
monok	AOR	42	rural_settlement	central_asian_steppes_region	0	-3.000	18.343	yes	1
mosylon	MYL	1	town	punt_region	5	9.000	26.820	no	0
moundou	MND	1	town	punt_region	5	5.000	24.118	no	0
mousopalle	STY	6	town	karnata_region	23	1.000	23.237	no	0
mylasa	CIA	18	town	asia_region	25	0.000	23.918	no	0
mytilene	LSB	6	town	asia_region	25	4.000	24.783	no	0
napuca	GTE	30	rural_settlement	dacia_region	5	-3.000	18.361	no	0
narbo	ELY	9	rural_settlement	transalpine_gaul_region	13	-3.000	18.624	no	0
nasagus	PAM	3	rural_settlement	belgica_region	10	-3.000	13.024	no	0
nasikya	RTI	15	town	aparanta_region	27	4.000	26.186	no	0
nemetobriga	GGR	3	rural_settlement	gallaecia_region	10	-3.000	10.900	no	0
ninika	KLT	7	rural_settlement	cilicia_region	15	-3.000	16.558	no	0
nova_augusta	TDI	5	rural_settlement	gallaecia_region	10	-3.000	15.095	no	0
novioregum_santonum	SNT	10	rural_settlement	aquitaine_region	10	-3.000	16.618	no	0
novum_oppidum	SBZ	4	rural_settlement	aquitaine_region	10	-3.000	15.348	no	0
nuceria	NUC	2	town	magna_graecia_region	28	-2.000	19.460	no	0
nyaunggan	NYA	1	rural_settlement	burma_region	5	-3.000	12.980	no	0
ocelum	AVA	3	rural_settlement	lusitania_region	10	-3.000	12.373	no	0
ocules	OLC	6	rural_settlement	contestania_region	15	-3.000	13.492	no	0
odessus	ODS	3	town	moesia_region	15	4.000	23.905	no	0
oescus	TBL	19	rural_settlement	moesia_region	15	-3.000	16.349	no	0
oinoanda	OEO	3	town	cilicia_region	15	-4.000	18.113	no	0
olbasa	OML	3	rural_settlement	cilicia_region	15	-3.000	14.149	no	0
olbe	OBE	2	city	cilicia_region	15	-4.000	19.101	no	0
olbia	OLB	1	town	scythia_region	0	1.000	20.828	no	0
omana	MAK	15	town	arabia_region	5	9.000	30.386	no	0
opone	OPO	2	town	punt_region	5	9.000	26.740	no	0
opous	OPU	2	rural_settlement	greece_region	30	-3.000	17.020	no	0
ora	KHB	8	rural_settlement	gandhara_region	23	-3.000	18.276	no	0
oretum	GRM	5	rural_settlement	baetica_region	18	-3.000	13.804	no	0
oreus	ORE	2	town	greece_region	30	-1.000	19.854	no	0
orko	ANP	3	rural_settlement	hyperborea_region	0	-3.000	16.271	no	0
otadini	VTD	6	rural_settlement	caledonia_region	0	-8.000	9.074	no	0
ouasada	ORO	3	town	galatia_region	12	-3.000	18.731	no	0
paesicia	PSC	3	rural_settlement	gallaecia_region	10	-3.000	12.373	no	0
pali	KRA	15	town	vindhyaprstha_region	25	4.000	26.098	no	0
pallontion	ORM	2	rural_settlement	gallaecia_region	10	-3.000	11.870	no	0
palma	BLD	5	rural_settlement	contestania_region	15	-3.000	13.433	no	0
pantikapaion	BPK	19	town	taurica_region	5	1.000	25.072	no	0
parentium	HIS	5	rural_settlement	illyria_region	9	-3.000	14.657	no	0
passaron	EPI	6	town	greece_region	30	9.000	28.813	no	0
pataliputra	MRY	314	city	pracya_region	30	18.000	45.576	yes	10
pecina	OXU	5	rural_settlement	illyria_region	9	-3.000	16.301	no	0
pednelissos	PDL	1	town	cilicia_region	15	-4.000	16.999	no	0
pella_0	MAC	50	city	macedonia_region	25	14.000	37.959	yes	7
pellene	PLE	1	rural_settlement	greece_region	30	-3.000	16.310	no	0
penugonda	TA0	6	rural_settlement	karnata_region	23	-3.000	19.595	no	0
pergamon	MIT	36	town	asia_region	25	0.000	25.380	yes	3
persepolis	PES	37	city	persis_region	16	6.000	30.637	yes	5
petra	NBT	34	town	palestine_region	20	5.000	28.629	yes	5
phasis	PHI	3	town	colchis_region	12	-1.000	20.462	no	0
picenum	PIE	3	town	central_italy_region	28	1.000	21.928	no	0
pinaka	CRD	7	town	assyria_region	15	-3.000	19.995	no	0
pirhirci	BRY	22	rural_settlement	borysthenia_region	0	-3.000	21.737	no	0
pishan	PSH	2	rural_settlement	himalayan_region	5	-3.000	16.205	no	0
plestia	UMB	8	town	central_italy_region	28	9.000	28.868	no	0
polyrrenia	PYR	1	town	greece_region	30	8.000	25.547	no	0
pons_rugio	LBT	5	rural_settlement	contestania_region	15	-3.000	14.452	no	0
potaissa	CAC	4	rural_settlement	dacia_region	5	-3.000	16.384	no	0
praesidium_0	ONU	5	town	baetica_region	18	3.000	23.796	no	0
praesos	PRE	1	rural_settlement	greece_region	30	-3.000	18.312	no	0
priene	ION	11	town	asia_region	25	1.000	23.951	no	0
prostanna	TYM	2	rural_settlement	cilicia_region	15	-3.000	12.485	no	0
puranadisthana	KLS	16	rural_settlement	gandhara_region	23	-3.000	20.548	no	0
pushkalavati	GHA	17	town	gandhara_region	23	5.000	27.694	no	0
qadarif	CRT	5	rural_settlement	nubia_region	5	-3.000	15.737	no	0
qandala	QAN	1	town	punt_region	5	1.000	20.551	no	0
qohaito	QOH	2	town	punt_region	5	-2.000	19.016	no	0
qoyqirilgan	KRZ	25	town	sakia_region	0	-3.000	21.976	no	0
ratae	COI	14	rural_settlement	britain_region	10	-3.000	14.012	no	0
rauracia	RAU	5	rural_settlement	germania_superior_region	7	-3.000	13.083	no	0
ravenna	LGN	9	town	central_italy_region	28	-1.000	22.564	no	0
rayachoti	RAY	1	rural_settlement	dravida_region	25	-3.000	18.016	no	0
rhegium	RHG	1	town	magna_graecia_region	28	-1.000	19.037	no	0
rhithymna	ELT	1	rural_settlement	greece_region	30	-3.000	16.829	no	0
rhodos	RHO	7	city	asia_region	25	2.000	24.915	no	0
rhugium	RGG	3	rural_settlement	venedia_region	0	-8.000	5.833	no	0
ricomagus	AVN	13	rural_settlement	central_gaul_region	10	-3.000	20.592	no	0
risetia	AMI	2	rural_settlement	moesia_s_region	5	-3.000	14.559	no	0
robogdia_orientalis	ROB	3	rural_settlement	caledonia_region	0	-8.000	7.955	no	0
rohtak	YDD	24	city	madhyadesa_region	30	8.000	31.327	no	0
roma	ROM	19	city	central_italy_region	28	8.000	30.775	no	0
rotomagus	VCL	6	rural_settlement	belgica_region	10	-3.000	13.492	no	0
rusaddir	RSS	1	town	mauretainia_region	5	-3.000	17.209	no	0
ruscino	SRB	2	rural_settlement	transalpine_gaul_region	13	-3.000	14.800	no	0
sabata	HDM	17	town	arabia_felix_region	5	6.000	28.480	no	0
sabiranum	SND	5	rural_settlement	taurica_region	5	-3.000	14.024	no	0
sagalassos	SSG	2	town	cilicia_region	15	-4.000	17.301	no	0
saguntum	SGS	4	town	contestania_region	15	1.000	22.500	no	0
saioi	SA3	47	rural_settlement	central_asian_steppes_region	0	-3.000	17.093	yes	1
sakala	PRA	13	town	gandhara_region	23	6.000	27.826	no	0
salassia	SLS	7	rural_settlement	rhaetia_region	7	-3.000	17.701	no	0
salduba	LSN	5	rural_settlement	tarraconensis_region	15	-3.000	13.223	no	0
salia_chasuaria	AMV	2	rural_settlement	germania_region	0	-8.000	6.891	no	0
salthua	DRI	5	rural_settlement	illyria_region	9	-3.000	11.400	no	0
samad	AX4	13	rural_settlement	arabia_region	5	-3.000	19.749	no	0
samarobriva	ABM	2	rural_settlement	belgica_region	10	-3.000	12.180	no	0
samos	SAS	4	town	asia_region	25	1.000	22.137	no	0
samosata	COM	13	town	assyria_region	15	-1.000	23.049	no	0
samum	ANS	6	rural_settlement	dacia_region	5	-3.000	17.382	no	0
sardis	SRD	11	city	asia_region	25	-1.000	24.178	no	0
scaptopara	MAD	3	rural_settlement	macedonia_region	25	-3.000	15.447	no	0
sciria_rugia	LVA	4	rural_settlement	venedia_region	0	-8.000	6.083	no	0
scupi	DRD	15	rural_settlement	macedonia_region	25	-3.000	15.180	no	0
sebatum	SVC	1	rural_settlement	rhaetia_region	7	-3.000	11.822	no	0
sedetania	SDT	3	rural_settlement	tarraconensis_region	15	-3.000	13.742	no	0
segeda	BLL	6	town	tarraconensis_region	15	-3.000	20.284	no	0
segestica	SEG	7	rural_settlement	illyria_region	9	-3.000	12.968	no	0
segontia	TTH	5	rural_settlement	tarraconensis_region	15	-3.000	15.557	no	0
segovia	DNQ	3	rural_settlement	gallaecia_region	10	-3.000	12.513	no	0
seguslavorum	SGL	5	rural_settlement	transalpine_gaul_region	13	-3.000	13.253	no	0
selanpura	NBP	18	town	pracya_region	30	3.000	25.962	no	0
seleucia_magna	SEL	273	city	mesopotamia_region	25	13.000	38.414	yes	7
selge	SLG	3	town	cilicia_region	15	-6.000	17.245	no	0
selinus	SIN	1	town	magna_graecia_region	28	4.000	22.515	no	0
sellium	TLS	3	rural_settlement	lusitania_region	10	-3.000	12.373	no	0
sembel	ONA	3	town	punt_region	5	2.000	22.591	no	0
sena_gallica	SNI	4	rural_settlement	central_italy_region	28	-3.000	14.268	no	0
senia	DIT	6	rural_settlement	illyria_region	9	-3.000	14.778	no	0
sentice	LCC	3	rural_settlement	lusitania_region	10	-3.000	13.742	no	0
serdica	SDI	3	rural_settlement	moesia_region	15	-3.000	18.686	no	0
sesamos	SMS	2	town	bithynia_region	20	2.000	21.962	no	0
seurgium	HEV	5	rural_settlement	venedia_region	0	-3.000	10.808	no	0
seussonia	SSS	4	rural_settlement	belgica_region	10	-3.000	13.415	no	0
seuthopolis	ODR	14	town	thrace_region	20	1.000	24.480	no	0
shalcaw	SHW	1	rural_settlement	punt_region	5	-3.000	14.376	no	0
shavgar	MGT	36	rural_settlement	sogdiana_region	0	-3.000	18.080	yes	1
shekhem	SMA	8	town	palestine_region	20	4.000	25.420	no	0
sidon	SID	2	town	syria_region	25	6.000	25.070	no	0
siga	MSS	47	town	mauretainia_region	5	-5.000	21.720	yes	2
sijilmasa	CII	9	rural_settlement	atlas_region	0	-3.000	15.548	no	0
sikyon	SIC	1	town	greece_region	30	2.000	21.106	no	0
singidunum	SCD	14	rural_settlement	moesia_s_region	5	-3.000	15.917	no	0
sinkat	ADA	10	rural_settlement	lower_nubia_region	0	-3.000	14.213	no	0
sinope	SNP	5	town	bithynia_region	20	3.000	24.041	no	0
sodari	SOI	1	rural_settlement	nubia_region	5	-3.000	9.235	no	0
sofyan	SFY	1	rural_settlement	lower_nubia_region	0	-3.000	9.165	no	0
solicia_carpetania	SLC	3	rural_settlement	contestania_region	15	-3.000	12.513	no	0
spaneta	AMA	8	rural_settlement	pannonia_region	5	-8.000	11.276	no	0
sparga	SA2	17	rural_settlement	central_asian_steppes_region	0	-3.000	16.717	no	0
sparta	SPA	5	city	greece_region	30	8.000	29.047	no	0
splonum	DNT	2	rural_settlement	illyria_region	9	-3.000	10.047	no	0
sri_ksetra	FGD	2	rural_settlement	burma_region	5	-3.000	15.868	no	0
stobi	PAA	4	town	macedonia_region	25	-1.000	20.962	no	0
stratos	AKR	3	town	greece_region	30	3.000	23.196	no	0
sublavione	RAE	10	rural_settlement	rhaetia_region	7	-3.000	18.768	no	0
sudinoia	SUD	2	rural_settlement	venedia_region	0	-8.000	8.496	no	0
sulis	VTN	3	rural_settlement	armorica_region	10	-3.000	12.513	no	0
sulki_tyrsen	RUB	3	rural_settlement	central_italy_region	28	-3.000	17.976	no	0
syene	DOD	13	town	lower_nubia_region	0	6.000	28.154	no	0
syracusae	SYR	14	town	magna_graecia_region	28	4.000	26.305	no	0
tacape	EMP	8	town	africa_region	20	3.000	24.806	no	0
taexali	TXL	3	rural_settlement	caledonia_region	0	-8.000	7.955	no	0
tagadur	ADG	4	rural_settlement	karnata_region	23	-3.000	19.164	no	0
tagaung	TGU	2	rural_settlement	burma_region	5	-3.000	14.314	no	0
taliata	CEL	7	rural_settlement	moesia_region	15	-3.000	13.992	no	0
tamdoult	PHU	5	rural_settlement	atlas_region	0	-3.000	13.454	no	0
tamna	QTB	21	town	arabia_felix_region	5	4.000	27.046	no	0
tarentum	TAR	3	city	magna_graecia_region	28	8.000	28.060	no	0
tarraco	CSS	6	rural_settlement	tarraconensis_region	15	-3.000	16.668	no	0
tarrha	TRA	1	rural_settlement	greece_region	30	-3.000	18.375	no	0
tarvenna	MRN	8	rural_settlement	belgica_region	10	-3.000	16.376	no	0
taunensium	TBC	9	rural_settlement	germania_region	0	-3.000	13.347	no	0
taungthaman	TTM	1	rural_settlement	burma_region	5	-3.000	12.796	no	0
taurasia	TAU	12	town	cisalpine_gaul_region	15	-2.000	22.071	no	0
tegea	TEG	1	rural_settlement	greece_region	30	-3.000	17.044	no	0
telonnum	CCS	3	rural_settlement	aquitaine_region	10	-3.000	12.373	no	0
termessos	TRM	3	town	cilicia_region	15	-8.000	15.915	no	0
teurnia	AID	1	rural_settlement	rhaetia_region	7	-3.000	11.822	no	0
teutonia_centralis	TIT	5	rural_settlement	scandinavia_region	0	-3.000	12.833	no	0
thala_musulamia	MSL	17	rural_settlement	africa_region	20	-3.000	13.049	no	0
thamusida	THA	3	town	mauretainia_region	5	-3.000	18.533	no	0
thanlyin	SHN	4	rural_settlement	burma_region	5	-3.000	14.583	no	0
thapaua	QDA	6	rural_settlement	arabia_region	5	-3.000	14.014	no	0
thapsus	TPS	1	city	africa_region	20	4.000	24.840	no	0
thebes	THE	1	town	greece_region	30	-3.000	18.117	no	0
thermai	THR	2	town	magna_graecia_region	28	-1.000	19.789	no	0
thermon	AET	3	town	greece_region	30	2.000	22.447	no	0
thespiai	BOE	10	town	greece_region	30	5.000	26.433	no	0
theustia	FIR	3	rural_settlement	scandinavia_region	0	-3.000	10.098	no	0
thiges	GYZ	12	town	africa_region	20	-4.000	19.966	no	0
thorp	LUG	3	rural_settlement	central_italy_region	28	-3.000	16.940	no	0
thurii	THU	2	town	magna_graecia_region	28	9.000	27.652	no	0
tibula	LON	2	rural_settlement	central_italy_region	28	-3.000	14.792	no	0
tieion	TIE	1	rural_settlement	bithynia_region	20	-3.000	17.179	no	0
timacum	TLT	9	rural_settlement	moesia_region	15	-3.000	15.796	no	0
timoudi	NGT	4	rural_settlement	atlas_region	0	-3.000	13.285	no	0
tissa	SCU	1	rural_settlement	magna_graecia_region	28	-3.000	12.382	no	0
titulcia	TRQ	2	rural_settlement	contestania_region	15	-3.000	12.010	no	0
tlos	LYC	11	town	cilicia_region	15	-2.000	21.804	no	0
toksa	WTO	2	rural_settlement	himalayan_region	5	-3.000	14.981	no	0
toletum	DOA	4	rural_settlement	contestania_region	15	-3.000	16.421	no	0
tolosa	TCT	6	rural_settlement	transalpine_gaul_region	13	-3.000	18.394	no	0
tomisa	SPH	18	rural_settlement	assyria_region	15	-3.000	24.741	no	0
tongorigum	TPL	5	rural_settlement	lusitania_region	10	-3.000	13.734	no	0
torikos	ZGY	2	rural_settlement	colchis_region	12	-3.000	10.558	no	0
trapezous	TRZ	3	town	cappadocia_pontica_region	10	3.000	23.063	no	0
tripolis	ATI	2	town	syria_region	25	6.000	25.278	no	0
troizen	TRN	1	rural_settlement	greece_region	30	-3.000	14.319	no	0
tropea	CRS	6	rural_settlement	germania_region	0	-8.000	10.276	no	0
tubantia	CHV	2	rural_settlement	germania_region	0	-3.000	9.627	no	0
tullum	LCI	6	rural_settlement	germania_superior_region	7	-3.000	16.504	no	0
tylos	TYO	4	city	arabia_region	5	6.000	27.205	no	0
tyndaris	TYN	2	town	magna_graecia_region	28	-1.000	20.577	no	0
tyras_0	TYS	1	town	scythia_region	0	-1.000	19.420	no	0
tyros	AMN	7	rural_settlement	palestine_region	20	-3.000	16.070	no	0
tyrus	TYE	3	city	syria_region	25	9.000	28.433	no	0
uarinia	SMN	12	rural_settlement	germania_region	0	-3.000	13.272	no	0
uccrynyika	AGA	18	rural_settlement	vistulia_region	0	-3.000	17.716	no	0
unsingia	CHC	8	rural_settlement	germania_region	0	-8.000	10.856	no	0
uppakra	DAN	5	rural_settlement	scandinavia_region	0	-3.000	15.137	no	0
urayur	CHL	12	town	dravida_region	25	10.000	30.357	no	0
urgana	BST	5	rural_settlement	vistulia_region	0	-8.000	9.796	no	0
usdia_occidentalis	USD	3	rural_settlement	caledonia_region	0	-8.000	9.842	no	0
utica	UTC	2	city	africa_region	20	6.000	26.543	no	0
uttaris	TBU	2	rural_settlement	gallaecia_region	10	-3.000	16.556	no	0
valuraka	PIT	16	town	aparanta_region	27	3.000	25.769	no	0
vanavasi	ALU	6	town	karnata_region	23	1.000	23.118	no	0
vanci	CHR	14	town	karnata_region	23	9.000	30.130	no	0
varianis	CAA	7	rural_settlement	pannonia_region	5	-3.000	15.020	no	0
varina_marinia	ABO	2	rural_settlement	gallaecia_region	10	-3.000	11.870	no	0
varna	BDL	8	rural_settlement	lusitania_region	10	-3.000	18.485	no	0
vasio	VOC	10	rural_settlement	transalpine_gaul_region	13	-3.000	19.048	no	0
veleia	CRI	4	rural_settlement	tarraconensis_region	15	-3.000	12.764	no	0
velia	ELE	1	town	magna_graecia_region	28	4.000	22.972	no	0
veltaea	VEL	6	rural_settlement	venedia_region	0	-8.000	8.374	no	0
venicnia_borealis	VEN	5	rural_settlement	caledonia_region	0	-8.000	8.804	no	0
venta_icenorum	ICE	8	town	britain_region	10	-3.000	20.310	no	0
verona	CNM	7	town	cisalpine_gaul_region	15	-2.000	21.155	no	0
verunia	SLV	4	rural_settlement	transalpine_gaul_region	13	-3.000	14.133	no	0
vesontio	SQI	9	rural_settlement	central_gaul_region	10	-3.000	15.849	no	0
vesunna	PTC	7	rural_settlement	aquitaine_region	10	-3.000	17.331	no	0
vettonia_inferioris	CRE	6	rural_settlement	lusitania_region	10	-3.000	13.352	no	0
vicus_vagornicensis	BAN	3	rural_settlement	lusitania_region	10	-3.000	11.769	no	0
vienna	ALL	9	rural_settlement	transalpine_gaul_region	13	-3.000	17.545	no	0
vindeleia	AUG	5	rural_settlement	tarraconensis_region	15	-3.000	13.223	no	0
vindinum	CMI	5	rural_settlement	armorica_region	10	-3.000	13.253	no	0
vindocladia	DUR	8	rural_settlement	britain_region	10	-3.000	13.792	no	0
vindonissa	TOU	3	rural_settlement	rhaetia_region	7	-3.000	14.123	no	0
viroconium	COV	7	rural_settlement	britain_region	10	-3.000	12.043	no	0
viromanduorum	VMD	5	rural_settlement	belgica_region	10	-3.000	17.414	no	0
virunum	NRC	12	rural_settlement	rhaetia_region	7	-3.000	17.986	no	0
virunum_germanicum	NUI	11	rural_settlement	germania_region	0	-3.000	12.161	no	0
visentium	ETR	32	town	central_italy_region	28	6.000	29.674	yes	5
vistuliana	AUA	10	rural_settlement	venedia_region	0	-3.000	12.251	no	0
vitudurum	TLG	5	rural_settlement	rhaetia_region	7	-3.000	14.447	no	0
volubilis	MAU	28	rural_settlement	mauretainia_region	5	-3.000	16.640	no	0
voluca	AVC	8	town	tarraconensis_region	15	-2.000	21.015	no	0
voluntia_orientalis	DAR	3	rural_settlement	caledonia_region	0	-8.000	9.350	no	0
volyatss	ALZ	9	rural_settlement	scythia_region	0	-3.000	14.437	no	0
vorgium	OSM	8	rural_settlement	armorica_region	10	-3.000	13.932	no	0
waddan	MHY	8	rural_settlement	fezzan_region	0	-3.000	12.249	no	0
wumi	YMI	2	rural_settlement	himalayan_region	5	-3.000	15.837	no	0
xiaowan	XIW	1	rural_settlement	himalayan_region	5	-8.000	4.759	no	0
yatsha	ZNT	17	rural_settlement	sakia_region	0	-3.000	20.141	no	0
yeha	YEH	4	town	punt_region	5	-1.000	21.108	no	0
yrgyz	SA1	20	rural_settlement	central_asian_steppes_region	0	-3.000	15.135	no	0
yutian	KHT	2	town	himalayan_region	5	5.000	24.375	no	0
ywa_htin_kon	YHK	2	rural_settlement	burma_region	5	-3.000	13.704	no	0
zabender	LGA	31	rural_settlement	albania_region	0	-3.000	16.683	no	0
zadrakarta	PAR	35	town	parthia_region	18	3.000	27.401	yes	5
zankor	ZKO	3	rural_settlement	nubia_region	5	-3.000	13.604	no	0
zela	ZEL	2	town	cappadocia_pontica_region	10	-5.000	17.229	no	0
zemour	NEC	9	rural_settlement	mauretainia_region	5	-3.000	12.749	no	0
zhongzhong	TSA	18	rural_settlement	tibet_region	0	-3.000	18.580	no	0
zoelarum	ZLA	4	rural_settlement	lusitania_region	10	-3.000	12.904	no	0
