LandProvince;SeaZone;x;y
satricum;sea_3;1704.58;2337.799
antium;sea_4;1735.213;2319.156
priverneum;sea_4;1761.457;2313.18
cumae;sea_4;1798.346;2300.459
neapolis_0;sea_2;1823.694;2271.843
pompeii;sea_2;1840.5;2265.5
salemum;sea_2;1874.391;2247.169
paestum;sea_2;1878.365;2239.689
elea;sea_5;1918.0;2211.0
pyxus;sea_5;1934.702;2196.884
caere;sea_3;1665.118;2375.97
ostia;sea_3;1685.0;2361.0
tarquini;sea_45;1645.167;2399.463
volci;sea_45;1633.0;2408.0
aternum;sea_29;1845.427;2399.946
larinum;sea_29;1870.0;2383.0
teanum;sea_29;1906.524;2377.578
sipontum;sea_30;1936.0;2345.0
canusium;sea_30;1950.44;2333.668
urium;sea_30;1945.156;2358.228
laus;sea_5;1937.708;2183.929
thurii;sea_22;1988.0;2192.0
heraclea_0;sea_22;2003.5;2235.0
metapontum;sea_22;2012.251;2251.25
tarentum;sea_22;2033.0;2248.0
brundisium;sea_32;2083.566;2274.724
cannae;sea_30;1967.634;2326.819
siris;sea_22;1995.656;2219.15
menturia;sea_22;2069.745;2240.557
callipolis;sea_13;2097.647;2205.544
hydruntum;sea_13;2117.5;2215.0
valetium;sea_33;2109.673;2252.347
barium;sea_31;2016.224;2309.651
gnatia;sea_31;2040.282;2294.222
bitontinon;sea_31;1989.294;2318.15
rhegium;sea_1;1944.5;2021.8
locri_0;sea_14;1977.0;2042.0
stylacium;sea_10;2003.646;2077.454
hipponium;sea_5;1959.877;2094.36
tempsa;sea_5;1972.074;2110.613
consentia;sea_5;1951.404;2160.357
croton;sea_11;2039.0;2129.0
petelia;sea_11;2015.367;2172.46
messana;sea_1;1930.451;2035.584
naxos_0;sea_1;1923.249;2023.231
catana;sea_18;1906.195;1976.612
syracuse;sea_18;1910.933;1922.281
gela;sea_19;1849.479;1936.193
acragas;sea_19;1815.495;1944.004
heraclea_1;sea_20;1768.557;1972.648
selinus;sea_20;1747.225;1981.158
lilybaeum;sea_17;1715.959;1997.164
eryx;sea_21;1744.594;2025.455
panorumus;sea_6;1778.33;2039.08
thermae;sea_6;1800.994;2022.019
cephaleodium;sea_6;1828.461;2026.304
tyndaris;sea_0;1880.841;2040.423
calacte;sea_6;1857.296;2028.446
camarina;sea_16;1869.576;1914.85
hadria;sea_28;1821.0;2418.0
castrum;sea_28;1799.906;2449.056
firmum;sea_28;1794.002;2467.095
telamon;sea_45;1607.734;2429.076
vetulonia;sea_45;1586.927;2452.369
ancona;sea_27;1776.0;2508.0
sena_0;sea_27;1747.119;2531.718
populonium;sea_45;1579.191;2457.64
ilva;sea_45;1560.392;2438.63
vada;sea_46;1569.0;2488.0
ariminum;sea_9;1709.797;2556.564
pisae;sea_46;1557.0;2510.0
luna;sea_46;1548.204;2543.603
portus_0;sea_47;1517.0;2562.0
ravenna;sea_8;1686.288;2589.139
brundulum;sea_7;1682.8;2660.292
spina;sea_8;1680.231;2619.085
hadriani;sea_8;1683.669;2625.356
myra;sea_87;2967.643;1995.932
limyra;sea_87;2990.309;2012.476
olympus;sea_86;3007.789;2028.862
phaselis;sea_86;3010.539;2039.599
attaleia;sea_86;3011.286;2069.248
perge;sea_86;3026.083;2070.137
aspendos;sea_86;3044.039;2072.653
aigialos;sea_231;3067.394;2551.932
herakleia_0;sea_230;2968.834;2459.403
amastris;sea_231;3030.008;2528.465
tieion;sea_230;3000.125;2498.054
parthenia;sea_230;3012.191;2511.418
irakia;sea_94;2690.355;2074.619
chelai;sea_230;2892.77;2440.522
diospolis;sea_230;2949.009;2443.69
psillion;sea_230;2878.787;2434.709
chalcedon;sea_122;2820.503;2404.717
rhebas;pontus_euxinus;2829.05;2432.411
libyssa;sea_122;2860.328;2395.413
astakos;sea_122;2869.434;2395.11
kios;sea_122;2830.18;2355.823
strobilos;sea_122;2840.546;2384.058
myrleia;sea_122;2808.341;2351.295
kyzikos;sea_117;2748.612;2335.682
zeleia;sea_117;2733.255;2331.566
parium;sea_117;2699.82;2337.011
lampsakos;sea_117;2681.931;2329.652
ilium;sea_117;2643.266;2284.898
antigoneia;sea_118;2646.613;2258.483
assos;sea_116;2671.931;2245.334
abydos_0;sea_117;2663.728;2309.88
naxos_1;sea_107;2636.592;2024.078
rhodos;sea_88;2848.678;1994.62
lemnos;sea_120;2587.596;2275.935
iasos;sea_93;2787.257;2061.293
skyros;sea_119;2554.175;2171.11
elaea;sea_116;2716.683;2199.623
karpathos;sea_91;2792.072;1904.277
adramyttion;sea_116;2702.692;2253.917
herakleia_1;sea_116;2702.164;2216.887
mytilene;sea_116;2685.706;2214.268
eresos;sea_116;2648.621;2204.221
kyme;sea_116;2712.076;2185.473
chios;sea_116;2669.321;2141.494
smyrna;sea_116;2733.71;2157.993
teos;sea_94;2710.888;2132.92
erythrai;sea_116;2678.381;2164.453
ephesos;sea_94;2752.878;2117.739
colophon;sea_94;2730.131;2124.674
imbros;sea_118;2620.079;2289.915
leros;sea_93;2732.932;2041.988
karpasia;sea_179;3294.007;2019.047
salamis_0;sea_178;3276.32;1975.093
kition;sea_178;3263.271;1947.242
soloi_0;sea_179;3195.786;1955.012
paphos;sea_176;3178.761;1911.293
lapethos;sea_179;3226.745;1979.999
amathous;sea_176;3233.035;1920.434
philia;pontus_euxinus;2787.68;2434.859
salmydessos;sea_235;2749.559;2449.86
aulaiouteichos;sea_235;2734.356;2469.979
itanos;sea_97;2719.699;1865.143
selymbria;sea_122;2772.609;2403.73
perinthos;sea_122;2751.276;2396.849
bisanthe;sea_117;2717.124;2377.781
sestos;sinus_nigrum;2646.013;2307.479
lysimacheia;sinus_nigrum;2674.581;2348.523
rhithymna;sea_98;2609.251;1867.139
ainos;sinus_nigrum;2639.268;2338.086
hierapytna;sea_96;2691.204;1840.418
thasos;sea_115;2522.748;2334.591
sale;sea_115;2611.46;2356.112
knosos;sea_97;2641.0;1864.802
olous;sea_97;2660.625;1866.229
gortyna;sea_100;2628.717;1824.256
abdera_0;sea_115;2553.878;2360.336
neapolis_1;sea_115;2518.602;2350.891
amfipolis;sea_115;2482.57;2327.756
tragilos;sea_115;2469.08;2324.081
kydonia;sea_98;2561.354;1869.926
polyrrenia;sea_98;2536.252;1864.596
tarra;sea_99;2561.595;1840.405
korion;sea_100;2617.688;1835.885
thessalonica;lake_113;2416.902;2303.92
amorgos;sea_107;2671.791;1997.259
poteidaia;lake_113;2443.0;2277.0
akanthos;sea_115;2480.014;2304.619
torone_0;sea_114;2479.023;2270.389
pella_0;river_38;2384.694;2331.358
dion;lake_113;2399.795;2258.314
ios;sea_107;2621.062;1984.556
demetrias_0;pagasaeus_sinus;2435.77;2192.532
kasthaneia;lake_113;2425.287;2228.071
nea_halos;pagasaeus_sinus;2428.785;2184.678
lamia;sinus_malianus;2417.407;2152.259
opous;sinus_malianus;2452.823;2140.594
histiaia;pagasaeus_sinus;2451.72;2167.605
anthedon;sinus_malianus;2481.228;2126.028
chalcis;sea_104;2501.132;2118.993
karystos;sea_104;2555.372;2089.834
oichalia_0;sea_113;2528.283;2141.331
oropos;sea_104;2516.751;2112.183
dyrrachion;sea_34;2174.182;2341.572
athens;sea_103;2504.728;2074.821
megara;sea_103;2479.0;2076.0
korinthos;sea_103;2459.243;2067.122
torone_1;sea_112;2243.332;2186.885
peparethos;lake_128;2489.561;2186.641
phoinike;sea_112;2225.646;2215.858
apollonia_1;sea_34;2172.875;2296.878
delphi;sinus_corinthus;2427.019;2104.568
methone;lake_113;2403.244;2294.299
epidauros_limera;sea_757;2477.518;1961.826
gytheion;sea_533;2444.0;1965.0
messene;sea_532;2396.875;1978.878
mothone;sea_110;2377.229;1962.971
lepreon;sea_110;2369.722;2010.182
patrai;sinus_patraius;2362.072;2084.773
seriphos;sea_106;2571.576;2013.038
argos;sea_102;2444.192;2036.342
epidauros;sea_103;2474.162;2047.084
aigina;sea_103;2488.025;2058.514
kythnos;mare_myrtoum_0;2558.61;2038.95
aigion;sinus_corinthus;2395.69;2090.061
antiphrai;sea_76;3014.593;1523.546
elis;sea_110;2333.662;2043.628
syros;sea_108;2601.853;2042.354
prasiai;mare_myrtoum_1;2470.469;1988.368
troizen;sea_103;2499.603;2035.53
tenos;sea_108;2611.542;2057.166
mareia;sea_77;3043.985;1541.493
thera;sea_101;2651.598;1954.13
naupaktos;sinus_patraius;2356.0;2095.0
chaleion;sinus_corinthus;2404.862;2100.845
leucas;sea_111;2288.65;2111.777
zakynthos;sea_110;2313.313;2033.605
kefalonia;sea_111;2277.354;2086.819
thyrrheion;sea_112;2286.322;2134.428
nikopolis;sea_112;2289.609;2148.836
ambrakia;sea_112;2313.0;2150.0
orikos;sea_33;2183.158;2257.394
thespiai;sinus_corinthus;2453.213;2093.944
korkyra;sea_112;2224.931;2192.806
kythera;sea_757;2484.949;1918.669
kea;mare_myrtoum_0;2549.343;2051.287
leuktron;sea_532;2416.691;1968.446
mesembria;sea_235;2706.178;2541.823
anchialus;sea_235;2695.175;2526.785
apollonia_pontica;sea_235;2706.886;2514.133
klysma;river_17;3289.003;1494.77
leontopolis_hel;river_1;3203.465;1516.583
tanis;sea_78;3226.768;1591.817
pelusium;sea_79;3275.377;1605.977
daphnai;sea_78;3237.072;1588.64
alexandria_0;sea_77;3060.238;1559.429
hermopolis_mikra;river_15;3119.188;1563.855
sais;river_14;3147.815;1547.131
sebennytos;river_10;3168.152;1580.899
diospolis_kato;river_12;3186.844;1607.72
pakhnemounis;sea_78;3148.004;1619.962
kanopos;sea_77;3079.916;1578.22
bolbitine;sea_77;3090.601;1582.2
chemmis;sea_78;3130.873;1599.623
ostrakine;sea_79;3320.806;1621.841
babylon__egypt;river_20;3186.183;1481.822
myos_hormos;s_3;3549.0;1172.0
berenike;s_8;3671.603;1023.695
lahami;s_6;3652.634;1065.959
nechesia;s_6;3607.198;1105.177
quei;s_3;3476.063;1245.842
lykabettus_porphyrites_mons;s_0;3458.349;1279.606
drepanum_unsettled;s_0;3426.14;1312.431
rinokoloura;sea_79;3360.46;1626.612
bitylion;sea_79;3376.805;1637.526
raphia;sea_79;3386.083;1648.148
kadytis_gaza;sea_79;3393.301;1660.547
ashqelon_ascalon;sea_79;3398.881;1674.036
ashdod;sea_80;3404.754;1693.572
iamneia;sea_80;3406.663;1707.548
ioppe;sea_80;3408.318;1722.924
apollonia_2;sea_80;3408.882;1731.957
caesarea_0;sea_80;3408.385;1749.151
sykamina;sea_80;3405.948;1784.431
dora;sea_80;3407.69;1759.355
boukolonpolis;sea_80;3407.06;1770.723
ake_ptolemais;sea_81;3411.225;1801.297
aelana;sinus_arabicus_0;3481.943;1499.901
ankale;sinus_arabicus_0;3488.921;1460.266
makna;sinus_arabicus_1;3493.873;1394.913
tyrus_1;sea_81;3412.927;1835.692
hammon;sea_81;3410.472;1821.509
sarepta;sea_81;3414.014;1853.392
sidon;sea_81;3416.528;1865.506
berytus;sea_81;3419.78;1896.421
byblos;sea_81;3423.943;1912.829
botrys;sea_82;3420.536;1931.863
tripolis;sea_82;3429.99;1950.181
arca_0;sea_82;3436.058;1958.531
arados;sea_82;3416.166;1984.412
carne;sea_82;3414.739;2004.764
tell_soukas;sea_82;3412.146;2022.714
laodicea;sea_82;3402.152;2036.775
posideion;sea_83;3394.577;2062.114
leukeia_pieria;sea_83;3397.257;2086.166
myriandros;sea_83;3392.103;2132.928
issus_nikopolis;sea_83;3391.171;2157.902
ctesiphon;river_45;4093.58;2034.553
babylon;river_50;4073.772;1987.986
alexandria_spasinou_charax;river_51;4372.983;1938.102
apologos;sea_315;4405.29;1897.183
akkaz;sea_314;4462.52;1823.853
failaka;sea_314;4481.301;1835.193
teredon;sea_314;4447.9;1836.914
apphana;sea_315;4445.023;1873.29
darak;sea_315;4469.822;1932.275
ampe;sea_315;4446.61;1921.928
emporiae;sea_51;1090.855;2389.855
rhoda;sea_51;1090.59;2425.348
blandae;sea_51;1075.014;2368.294
lauro_0;sea_52;1034.633;2348.37
baetulo;sea_52;1014.766;2332.194
tarraco;sea_23;952.4;2318.89
dertosa;iberus_0;906.044;2296.579
oiasso;sea_552;779.143;2543.698
saguntum;sea_24;845.791;2204.2
valentia_0;sea_24;834.725;2181.776
dianium;sea_25;862.013;2114.495
portus_sucronis;sea_24;838.022;2157.311
lucentum;sea_25;814.991;2086.427
ilici;sea_25;801.465;2069.928
thiar;sea_25;792.41;2050.315
carthago_nova;sea_25;783.065;2032.481
alonis;sea_25;838.803;2100.089
bracara_augusta;sea_542;293.824;2441.004
antistiana;sea_23;972.1;2323.877
oleastrum;sea_23;933.528;2312.954
aracaeli;sea_552;745.282;2541.833
gebala;sea_552;728.239;2551.05
flaviobriga;sea_551;694.229;2553.428
iuliobrigensium;sea_551;656.253;2569.541
veseiasueca;sea_551;610.23;2568.351
gigia;sea_550;550.125;2590.782
ad_mare;sea_550;572.422;2580.732
flavionavia;sea_550;511.716;2602.992
asturia_septentrionalis;sea_550;474.892;2605.799
flavium_brigantium;sea_547;352.053;2613.221
phlaouia_lambris;sea_547;360.438;2616.581
arronia;sea_549;397.148;2635.876
addovia;sea_549;424.431;2626.783
varina_marinia;sea_549;432.505;2615.458
aviliobris;sea_547;331.372;2610.339
artabron_limen;sea_547;295.046;2580.586
noouion;sea_542;299.243;2554.938
ad_duos_pontes;sea_542;305.929;2533.515
vicus_spacorum;sea_542;298.908;2499.586
limia;sea_542;295.444;2464.757
sebelaci;sea_24;861.542;2224.316
indibilis;sea_23;897.535;2267.184
etobesa_1;sea_24;875.843;2243.447
ficariensis_locus;sea_53;743.41;2021.966
longuntica;sea_53;716.938;2003.656
baria;sea_53;702.779;1980.437
portos_magnos;sea_54;667.312;1967.798
murgi;sea_54;655.819;1968.88
abdera_1;sea_54;617.464;1966.74
tongobriga;sea_542;295.258;2424.007
langobriga;sea_540;290.22;2394.447
aeminium;sea_540;268.596;2347.076
conimbriga;sea_540;262.596;2327.532
collippo;sea_540;248.572;2305.028
eburobrittium;sea_536;227.254;2277.602
olisipo;sea_536;217.163;2198.574
ierabriga;sea_536;204.432;2214.422
caetobriga;sea_535;237.363;2184.627
salacia_1;sea_535;239.666;2171.942
mirobriga_1;sea_535;232.049;2151.986
patulus_portus;sea_535;229.987;2126.547
portus_cibilis;sea_521;227.0;2077.0
ossonoba;sea_521;268.623;2051.511
balsa;sea_279;307.407;2054.191
mirobigensia;sea_522;225.345;2105.107
praesidium;sea_279;337.737;2053.505
ad_rubras;sea_279;365.675;2034.991
tartessos;sea_762;389.0;2027.0
hasta_0;sea_279;377.397;1998.206
gades;sea_279;384.895;1978.475
mercabium;sea_229;404.795;1949.075
baelo;sea_229;416.206;1937.351
carteia;sea_229;453.809;1950.672
lacippo;sea_55;476.543;1963.502
suel;sea_55;507.544;1968.13
malaca;sea_55;520.166;1977.915
menova;sea_55;545.403;1977.515
saxetanum;sea_54;574.596;1973.084
byzantion_0;sea_122;2808.936;2403.251
ebusus;sea_222;950.668;2121.958
palma;sea_217;1037.521;2174.005
guium;sea_217;1054.107;2155.061
pollentia;sea_218;1073.315;2194.133
tuci;sea_219;1082.397;2164.246
mago;sea_218;1133.037;2214.41
cossyra;sea_124;1682.605;1908.047
melita;sea_129;1860.071;1832.153
liparae;sea_0;1891.182;2067.16
marah;sinus_heroopoliticus_1;3345.056;1436.76
phoinikon;sinus_heroopoliticus_0;3307.008;1482.158
kalymnos;sea_93;2744.226;2027.964
pharan;sinus_heroopoliticus_1;3364.245;1417.224
rhaithou;s_0;3412.706;1367.667
nuweiba;sinus_arabicus_0;3477.806;1464.362
tell_el_mashraba;sinus_arabicus_1;3477.707;1405.925
phasis;sea_234;3609.709;2717.755
pichvnari;sea_234;3620.931;2701.803
apasidam;sea_234;3623.002;2691.591
portus_altus;sea_234;3616.954;2672.908
apsaros;sea_234;3612.764;2655.615
kissa;sea_234;3602.851;2642.802
athenon_akron;sea_233;3578.749;2616.701
rhizaion;sea_233;3568.181;2605.757
ophis;sea_233;3553.353;2593.663
hyssos;sea_233;3538.37;2588.454
trapezous;sea_233;3520.521;2586.46
ziganne;sea_234;3584.503;2752.482
gyenos;sea_234;3563.335;2767.348
dioscurias__sebastopolis;sea_243;3542.238;2778.561
tracheia;sea_243;3518.931;2779.942
pityous;sea_243;3486.07;2786.808
masaitike;sea_243;3452.665;2799.65
samothrake;sea_115;2589.128;2322.446
polemonion;sea_232;3371.141;2546.844
kotyora;sea_232;3393.99;2551.529
koralla;sea_233;3473.57;2576.537
kerasous;sea_233;3438.436;2554.337
themiskyra;sea_232;3331.423;2558.979
amisos;sea_232;3289.205;2548.913
gadilon;sea_232;3270.073;2567.466
zaliches;sea_232;3225.491;2562.473
sinope;sea_232;3194.058;2582.683
stephane;sea_231;3157.679;2573.601
koloussa;sea_231;3120.094;2566.571
karambis;sea_231;3094.546;2562.49
kalekapi;sea_90;2839.763;1961.477
delos;sea_107;2632.84;2049.11
phlaouiopolis;sea_88;2844.545;2028.541
aigaiai;sea_83;3372.316;2150.15
mopsouhestia;pyramos_1;3349.283;2171.228
mallos;pyramos_0;3338.085;2145.687
tarsus;cydnus;3307.711;2145.3
augusta_1;sea_89;2816.948;2011.538
soloi_1;sea_84;3288.205;2125.595
magarsa;sea_83;3344.913;2120.393
seleucia_ad_calycadnum;sea_84;3247.678;2070.769
elaioussa;sea_84;3268.74;2101.103
celenderis;sea_85;3222.944;2050.18
anemourion;sea_85;3182.645;2032.725
andros;lake_129;2587.637;2089.373
syedra;sea_85;3141.158;2036.487
korakesion;sea_86;3099.477;2061.885
laertes;sea_86;3122.722;2052.385
side;sea_86;3063.178;2070.342
sillyon;sea_86;3032.363;2072.37
paros_0;sea_107;2625.812;2025.434
milos;sea_106;2576.619;1983.074
kos;sea_89;2771.838;2018.87
priene;sea_93;2766.97;2088.362
miletos;sea_93;2761.645;2080.269
samos;sea_94;2735.017;2090.965
halikarnassos;sea_89;2779.987;2036.926
kallipolis_1;sea_89;2834.6;2045.644
knidos;sea_89;2784.979;2007.077
kaunos;sea_88;2865.965;2033.014
telmessos;sea_88;2900.476;2029.503
xanthos;sea_87;2920.228;1999.024
astypalaia;sea_92;2715.651;1984.796
patara;sea_87;2928.664;1994.9
deventiasteno;sea_591;676.411;3171.531
deventia_meridionalis;sea_591;717.897;3175.572
deventia_septentrionalis;sea_607;689.625;3212.394
isca_dumnoniorum;sea_592;758.0;3188.0
nemetia;sea_610;718.956;3238.694
iscalis;sea_609;747.109;3253.652
olconum;sea_598;786.206;3198.127
durnovaria;sea_598;819.179;3186.972
lindinis;sea_609;784.813;3245.56
aquae_sulis;sea_609;795.35;3255.631
vindocladia;sea_597;862.121;3190.699
venta_0;sea_597;904.358;3189.546
vectis;sea_597;887.679;3174.807
noviomagus_reginorum;sea_597;914.164;3185.955
novus_portus;sea_600;943.507;3189.803
anderitum;sea_600;993.423;3187.307
durovernum;sea_602;1040.886;3218.139
londinium;thames;976.748;3257.142
vagniacis;sea_670;1006.329;3240.904
abona;sea_609;814.263;3269.211
camulodunum;sea_670;1017.92;3255.975
combretovium;sea_670;1046.441;3283.314
branodunum;sea_668;1004.692;3373.788
garrianonum;sea_669;1070.948;3340.699
aspallitorum;sea_669;1062.695;3305.5
denevia;sea_668;989.719;3366.793
korinion;sea_609;853.0;3289.0
glevum;sea_609;804.905;3272.041
deva_0;sea_625;815.986;3438.476
bannovallum;sea_668;993.665;3386.271
causennae;sea_668;984.923;3375.528
coccium;sea_625;818.582;3453.753
portus_setantiorum;sea_628;826.995;3480.537
eboracum;hull;958.388;3448.369
derventio;sea_667;989.696;3437.179
dictium;sea_666;958.275;3519.512
calunium;sea_628;838.724;3500.584
galava;sea_628;829.322;3504.37
gabrosentum;sea_629;804.533;3530.829
luguvalium;sea_629;819.212;3566.743
vinovia;sea_666;934.002;3539.427
vindolava;sea_666;926.531;3560.281
habitancum;sea_665;921.108;3582.719
bremenium;sea_665;914.326;3625.552
blatobulgium;sea_629;820.247;3578.514
burrium;sea_609;796.099;3268.926
bornium;sea_609;764.228;3266.015
nidum;sea_609;749.232;3284.836
moridunum;sea_610;724.318;3298.949
bremia;sea_623;739.24;3347.044
oktapitaron_akron;sea_611;684.177;3314.514
carona;sea_623;750.966;3366.543
ganganon_akron;sea_623;748.544;3401.173
seguntium;sea_624;734.651;3442.563
varis;sea_625;799.567;3436.522
manavia;sea_627;740.0;3507.0
novantae;sea_631;731.779;3595.822
selgovae;sea_629;790.404;3566.079
otadini;sea_664;886.573;3657.746
damnonii;sea_631;762.982;3637.024
veluniate;sea_664;846.671;3664.037
venicones;sea_664;859.764;3681.169
taexali;sea_663;916.399;3761.35
epidii;sea_631;748.072;3657.253
creones;sea_650;721.989;3759.251
carnonacae;sea_657;740.824;3825.341
caledonii;sea_660;817.832;3808.974
caereni;sea_657;770.17;3869.61
cornavii;sea_659;819.666;3900.924
vacomagi;sea_660;847.113;3817.202
lindon;sea_631;755.398;3649.587
taixalon_akron;sea_662;915.396;3809.213
epidion_akron;sea_631;721.861;3641.276
malaios;sea_649;699.274;3714.38
scitis;sea_651;707.078;3827.136
dumna_septentrionalis;sea_651;706.925;3860.272
dumna_meridionalis;sea_651;670.613;3824.693
ouirouedroum_akron;sea_660;852.809;3856.067
orcades;sea_659;890.26;3922.367
pinnata_castra;sea_664;878.358;3706.749
coriallum;sea_603;858.495;3096.251
aluna;sea_586;843.957;3063.384
crouciaconnum;sea_589;888.912;3070.332
cosedia;sea_586;847.172;3049.505
augustodurum;sea_589;913.877;3062.993
ingena;sea_585;845.945;3019.553
reginca;sea_585;808.652;3009.485
dolus;sea_585;839.559;3006.629
dariorigum;sea_564;758.176;2913.386
vorganium;sea_578;656.348;3004.306
gesoscribate;sea_578;678.602;2985.368
grannona;sea_564;780.565;2891.487
pollicum;sea_564;731.203;2934.5
agritore;sea_565;687.193;2956.531
osismetum;sea_585;781.193;3006.929
tregoritum;sea_585;747.071;3039.272
leonitia;sea_578;708.453;3031.765
ivernia;sea_617;419.608;3347.773
usdia_occidentalis;sea_615;516.102;3342.25
coriondia;sea_621;648.644;3411.327
gangani;sea_618;496.531;3474.672
autenia_meridionalis;sea_618;488.123;3480.329
nagnatia_occidentalis;sea_634;548.635;3577.955
darinia_septentrionalis;sea_631;698.348;3575.743
robogdia_occidentalis;sea_636;647.578;3626.269
venicnia_meridionalis;sea_634;563.131;3590.375
ivernia_septentrionalis;sea_617;413.694;3362.302
ivernia_meridionalis;sea_615;467.967;3331.604
usdia_orientalis;sea_612;558.492;3360.976
velaboria_occidentalis;sea_619;432.963;3404.329
velaboria_septentrionalis;sea_619;449.129;3423.308
gangania_occidentalis;sea_618;467.792;3449.447
gangania_septentrionalis;sea_618;502.0;3479.396
brigantia_meridionalis;sea_612;585.46;3360.375
coriondia_meridionalis;sea_613;624.997;3368.579
coriondia_septentrionalis;sea_613;640.412;3398.009
manapia_orientalis;sea_626;657.861;3482.104
caucia_orientalis;sea_626;655.42;3513.082
eblania_orientalis;sea_626;676.846;3519.918
autenia_septentrionalis;sea_620;468.484;3559.721
autenia;sea_634;514.737;3567.275
autenia_occidentalis;sea_620;461.362;3523.44
venicnia_orientalis;sea_636;606.553;3642.328
venicnia_septentrionalis;sea_635;567.67;3631.259
robogdia_orientalis;sea_631;689.968;3617.178
darinia_meridionalis;sea_630;706.187;3541.465
piktonion_akron;sea_564;798.141;2865.121
ratiatum;liger_0;819.694;2886.031
aregenua;sea_589;928.913;3057.089
caracotinum;sea_589;946.64;3060.403
pictavia_septentrionalis;sea_563;802.913;2831.781
pictavia_meridionalis;sea_563;824.146;2806.744
becciacum;sea_563;843.906;2779.243
novioregum_santonum;sea_562;834.347;2749.038
blacciacum;sea_562;834.458;2714.098
kouriannon_akroterion;sea_562;824.292;2664.593
bituriga;garumna_2;864.473;2650.943
losa;sea_552;815.872;2615.874
segosa;sea_552;805.531;2586.312
mosconnum;sea_552;798.18;2564.12
lapurdum;sea_552;789.639;2550.016
narbo_martius;sea_50;1089.232;2482.944
ruscino;sea_51;1083.906;2452.701
baeterrae;sea_50;1105.89;2500.373
agatha_0;sea_50;1126.271;2509.185
sextantio;sea_50;1150.535;2522.305
rhodanousia;sea_50;1179.267;2512.652
arelate;rhodanus;1198.047;2545.352
aquae_sextiae;sea_50;1209.307;2507.444
massalia;sea_49;1246.316;2485.807
lissus;sea_35;2177.837;2385.333
iuliobona;sea_589;950.118;3073.522
galetia_occidentalis;sea_590;989.184;3101.065
galetia_orientalis;sea_590;1011.188;3105.395
gesoriacum;sea_590;1045.101;3161.657
castellum_menapiorum;sea_671;1103.065;3201.596
portus_itius;sea_602;1070.91;3195.618
briga;sea_590;1026.393;3112.368
lintomagus;sea_590;1042.013;3146.652
hessulum;sea_667;985.612;3429.704
tingis;sea_229;425.055;1917.79
lixus;sea_519;377.848;1876.217
thamusida;sea_519;341.396;1815.051
arzeila;sea_229;388.554;1895.002
tabernae_1;sea_519;366.293;1855.194
frigidae;sea_519;354.035;1834.276
sala;sea_520;313.388;1778.676
oppidum_et_portus;sea_57;615.199;1828.602
lemnis;sea_57;662.665;1815.586
tamuda;sea_229;443.471;1902.1
siga;sea_57;697.285;1818.863
tepidae;sea_57;725.01;1831.302
castra_puerorum;sea_57;730.621;1843.332
portus_divinus;sea_58;776.333;1857.657
portus_magnus;sea_58;812.194;1860.833
quiza_xenitana;sea_58;833.139;1879.522
arsennaria;sea_59;889.613;1905.231
cartenae;sea_59;920.577;1914.415
portus_magulus;sea_58;860.881;1894.457
cartilli;sea_59;964.75;1916.094
gunugus;sea_59;984.69;1917.655
tipasa_0;sea_59;1007.904;1913.883
icosium;sea_60;1050.973;1925.452
rusguniae;sea_60;1081.106;1926.26
rusuccuru;sea_60;1101.441;1934.512
rusippisir;sea_60;1123.946;1933.161
rusazus;sea_60;1156.723;1930.447
saldae;sea_61;1188.727;1920.401
muslubium;sea_61;1211.482;1906.274
choba;sea_61;1231.3;1917.069
igilgivi;sea_61;1253.495;1920.29
tucca;sea_61;1270.215;1926.721
chullu;sea_61;1302.973;1931.352
hippo_regius;sea_62;1385.372;1922.549
culucitanis;sea_61;1342.937;1928.099
rusicade;sea_61;1325.474;1921.986
tuniza;sea_62;1434.751;1922.221
thabraca;sea_62;1458.609;1927.865
pheradi_maius;sea_65;1579.913;1853.111
pupput;sea_65;1586.559;1871.997
neapolis_4;sea_64;1606.0;1887.0
carpis;sea_63;1579.578;1907.47
nepheris;sea_63;1571.418;1904.864
aspis;sea_64;1619.703;1909.008
missua;sea_63;1602.311;1926.118
carthago;sea_63;1569.214;1916.102
utica;sea_63;1559.868;1937.332
hippo_diarrhytus;sea_63;1537.571;1953.051
rucuma;sea_62;1490.828;1950.343
unizibbira;sea_65;1585.851;1837.336
hadrametum;sea_65;1597.808;1820.089
leptis_minor;sea_65;1612.516;1812.393
thapsus;sea_65;1622.0;1788.0
iustinianopolis;sea_66;1623.016;1760.536
usula;sea_66;1612.089;1734.84
cercina;sea_66;1642.515;1730.922
thaenae;sea_67;1583.326;1705.184
taparura;sea_66;1599.895;1718.678
macomades_minores;sea_67;1564.881;1690.837
bennata;sea_67;1550.812;1676.036
tacape;sea_67;1561.238;1646.96
gigthis;sea_67;1589.772;1632.849
tipasa_2;sea_67;1600.421;1645.215
meninge;sea_67;1627.2;1627.421
zitha;sea_68;1635.126;1605.508
putea_pallene;sea_68;1643.161;1592.929
zouchis;sea_68;1672.105;1583.198
pisida;sea_68;1687.217;1580.498
locri_1;sea_68;1722.809;1560.415
abrotonum;sea_68;1740.288;1558.099
zanazia;sea_68;1765.962;1560.775
oea;sea_69;1800.89;1568.889
amarea;sea_69;1820.587;1560.279
gaphara;sea_69;1858.31;1555.489
leptis_magna;sea_69;1879.985;1543.067
kinypes;sea_69;1906.019;1532.885
thubactis;sea_69;1944.523;1526.011
base;sea_70;1959.675;1484.419
thebunte;sea_70;1972.643;1459.175
annesel;sea_70;1990.973;1442.175
auxiu;sea_70;2010.285;1434.574
dysopon;sea_70;2031.107;1431.197
euphranta;sea_70;2060.0;1432.5
iscina;sea_71;2102.626;1426.115
aulazon;sea_71;2135.159;1416.293
ad_palmam;sea_71;2158.789;1407.178
digdida_selorum;sea_71;2209.897;1382.123
arae_philaenorum;sea_71;2235.0;1367.0
automalax;sea_71;2266.626;1364.613
mendrion;sea_71;2291.171;1378.383
astrochonda;sea_72;2313.524;1404.288
kainon;sea_72;2323.828;1425.681
serapeion;sea_72;2326.433;1449.329
amastor;sea_72;2309.448;1479.695
chersis;sea_72;2302.846;1510.188
euesperides;sea_72;2314.151;1540.926
hadrianopolis;sea_73;2335.406;1565.96
arsinoe_1;sea_73;2363.534;1587.42
ptolemais;sea_73;2386.251;1600.114
phykous;sea_73;2411.237;1609.446
cyrene;sea_74;2436.579;1617.745
apollonia_4;sea_74;2466.872;1618.12
darnis;sea_74;2494.861;1613.726
aziris_0;sea_74;2521.171;1607.54
paliouros;sea_74;2541.381;1585.235
petras_mikros;sea_74;2547.983;1574.062
batrachos;sea_74;2562.711;1568.704
gonia;sea_74;2593.3;1570.292
antipyrgos;sea_75;2620.293;1561.401
kyrthanion;sea_75;2639.468;1563.347
menelaos;sea_75;2693.0;1553.0
catabathmus_magnus;sea_75;2707.338;1532.097
nesus;sea_75;2729.693;1537.322
chettaia;sea_75;2758.647;1548.532
selenis;sea_75;2795.913;1544.221
apis;sea_76;2845.63;1544.253
paraetonium;sea_76;2873.27;1541.821
kallias;sea_76;2897.565;1531.656
leuke_akte;sea_76;2919.891;1528.798
pnigeus;sea_76;2943.027;1531.265
pedonia;sea_76;2971.554;1532.121
derras;sea_76;2985.628;1529.847
sulcis_0;sea_187;1439.0;2111.0
nora_1;sea_187;1453.193;2097.927
caralis;sea_188;1479.755;2123.084
sardus_pater;sea_189;1430.717;2152.791
ferraria;sea_188;1513.412;2124.46
porticenses;sea_188;1518.308;2157.544
sulcis_1;sea_188;1521.524;2186.471
fanum_carisi;sea_188;1521.273;2225.292
neapolis_5;sea_189;1439.252;2177.126
tharros;sea_189;1438.512;2185.499
cornus;sea_189;1435.0;2217.0
hermaion_akron;sea_189;1426.358;2242.529
nymphaios_limen;sea_189;1415.728;2256.19
turris_libisonis;sea_191;1433.725;2272.496
coclearia;sea_190;1524.738;2254.121
olbia_0;sea_190;1513.5;2280.0
portus_tibulae;sea_191;1459.641;2282.219
viniolae;sea_190;1491.589;2307.67
rhoubra;sea_190;1497.396;2334.32
phikaria;sea_191;1471.0;2327.0
pauka;sea_191;1455.458;2361.024
ourkinion;sea_191;1452.198;2379.975
alouka;sea_193;1447.402;2412.485
rhopikon;sea_193;1471.54;2432.604
kentourinon;sea_193;1493.065;2455.423
mariana_2;sea_192;1509.844;2407.862
aleria;sea_190;1504.0;2374.0
tauroention;sea_49;1276.307;2474.367
pergantion;sea_49;1315.449;2481.061
forum_iulii_0;sea_48;1328.757;2500.55
antipolis;sea_48;1353.356;2520.507
cemenellum;sea_48;1374.355;2530.524
album_intimilium;sea_48;1395.346;2535.874
album_ingaunum;sea_47;1421.0;2553.0
savo;sea_47;1438.606;2574.261
genua;sea_47;1458.0;2588.5
segesta_1;sea_47;1495.484;2576.737
cremona;po_4;1539.727;2652.242
hatria;po_0;1667.6;2649.465
patavium;sea_7;1678.936;2676.699
altinum;sea_7;1690.475;2681.528
portus_liquentiae;sea_7;1711.694;2692.532
iulia_concordia;sea_7;1735.526;2711.371
aquileia_0;sea_7;1752.098;2706.35
fons_timavi;sea_7;1765.93;2709.079
cortoriacum;sea_671;1131.205;3214.3
mogontiacum;river_59;1426.975;3084.116
castra_vetera;river_54;1320.479;3241.541
manarmanis;sea_676;1317.506;3402.424
amisia_1;sea_676;1354.644;3395.288
amsivaria_1;sea_677;1400.446;3424.077
saxonnia;sea_677;1433.32;3438.953
visurgis;sea_677;1424.488;3417.646
ganuenta;sea_671;1156.603;3236.481
fletio;sea_672;1178.406;3256.604
marsacia;sea_672;1190.575;3270.019
lugadurum;sea_672;1216.34;3300.006
baduhenna;sea_673;1229.905;3358.431
traiectum;sea_674;1269.822;3298.449
chamoria;sea_674;1275.003;3300.264
isala;sea_674;1289.065;3315.044
flevum;sea_676;1290.261;3400.667
tubantia;sea_674;1298.989;3329.437
mariones;sea_677;1450.797;3445.051
charudia_minores;sea_677;1445.079;3471.02
marionis_0;sea_735;1572.816;3443.276
sardonia;sea_735;1583.849;3470.734
anglia_meridionalis;sea_734;1546.76;3480.839
anglia_centralis;sea_732;1528.781;3487.175
anglia_septentrionalis;sea_732;1525.108;3508.662
avionia_minores;sea_678;1436.609;3509.385
avionia_maiores;sea_678;1432.461;3523.101
cimbrica_minores;sea_732;1517.505;3536.213
sigulonia_meridionalis;sea_679;1425.072;3604.769
sigulonia_septentrionalis;sea_679;1422.013;3632.153
cobandia_minores;sea_732;1507.948;3548.492
cobandia_maiores;sea_731;1511.322;3588.797
eudosia_meridionalis;sea_731;1527.754;3603.363
eudosia_cimbricaris;sea_729;1543.736;3635.088
eudosia_septentrionalis;sea_729;1536.483;3636.452
teutonia_minores;sea_679;1422.282;3668.415
teutonia_maiores;sea_680;1437.146;3708.762
cimbria_meridionalis;sea_726;1540.152;3683.934
cimbria_peninsularis;sea_725;1550.262;3750.718
cimbria_maiores;sea_719;1502.839;3740.823
anglia_insula;sea_731;1566.784;3548.305
reudingia_maiores;sea_731;1532.539;3586.888
reudingia_minores;sea_731;1564.516;3567.118
herulia_meridionalis;sea_735;1611.621;3502.04
herulia_centralis;sea_733;1604.396;3548.868
herulia_septentrionalis;sea_729;1588.234;3599.308
herulia_orientalis;sea_730;1643.228;3581.733
laciburaium;sea_735;1585.502;3445.889
rhuticlia_0;sea_735;1621.16;3458.804
virunia;sea_735;1641.63;3465.595
pharodenia;sea_736;1711.055;3460.977
lemovia;sea_736;1708.54;3500.284
sciria_0;sea_738;1745.937;3451.466
sidenia;sea_738;1756.848;3444.369
aegida;sea_7;1767.211;2696.428
parentium;sea_15;1761.391;2664.508
pola;sea_15;1776.0;2635.0
flanona;sea_12;1801.916;2654.584
tarsatica;sea_12;1810.114;2676.711
curicum;sea_12;1826.636;2648.632
senia;sea_12;1847.253;2645.859
apsarus;sea_12;1812.943;2645.339
ortopla;sea_12;1848.284;2619.732
vegium;sea_12;1875.0;2604.0
cissa;sea_26;1852.195;2599.872
aenona;sea_26;1865.713;2579.555
iader;sea_26;1870.669;2572.559
argyruntum;sea_12;1904.0;2580.0
asseria;sea_38;1895.076;2546.713
scardona;sea_38;1918.861;2530.097
tragurium;sea_37;1938.918;2517.901
salona;sea_37;1958.767;2520.441
novae_0;sea_37;1995.264;2502.822
narona;sea_37;2019.004;2486.147
pharus;sea_37;1962.043;2496.48
epidaurum;sea_36;2067.0;2454.0
risinum;sea_36;2087.03;2441.042
bouthoe;sea_35;2134.0;2414.0
acruvium;sea_35;2119.585;2422.56
erite;sea_236;2707.186;2571.317
odessus;sea_236;2706.721;2587.231
krounoi;sea_236;2717.418;2607.362
tirizis;sea_236;2732.28;2608.887
callatis;sea_236;2736.454;2655.885
tomis;sea_237;2732.447;2686.336
roruka;river_28;5967.18;2476.962
alexandria__indus;river_21;6015.2;2645.109
pataliputra;river_37;7112.121;3113.71
kajangala;river_34;7304.945;3205.252
histria;sea_237;2735.329;2716.167
argamum;sea_237;2735.505;2732.904
gratiana;sea_237;2733.102;2753.02
troesmis;sea_237;2708.552;2771.879
noviodunum_1;sea_237;2726.7;2781.953
antiphili;sea_238;2753.437;2806.955
kremniskoi;sea_238;2782.481;2834.188
aepolium;sea_238;2791.34;2845.474
tyras_0;sea_238;2805.492;2865.814
nikonia;sea_238;2813.401;2882.305
istrianon;sea_239;2829.277;2920.382
scopuli;sea_239;2844.728;2926.33
olbia_1;sea_239;2882.531;2937.642
hippolaou;sea_239;2914.047;2932.156
borysthenia;sea_239;2893.776;2919.422
karkine;sea_240;2950.455;2904.37
taphros;sea_240;2998.576;2912.581
kalos_limen;sea_240;2968.355;2867.924
masella;sea_240;3005.698;2898.014
kerkinitis;sea_241;3008.347;2834.37
parthenion;sea_241;3025.032;2817.601
chersonesos_0;sea_241;3028.882;2791.972
charax;sea_242;3069.917;2778.308
lampas;sea_242;3080.19;2791.55
aloustou_phrourion;sea_242;3096.06;2818.065
athenaion;sea_242;3114.922;2827.226
theodosia;sea_246;3136.389;2856.201
maeotia;sea_251;3068.312;2918.126
maeotinia;sea_251;3090.948;2899.365
bosporus;sea_247;3198.514;2897.668
kimmerikon;sea_247;3197.265;2871.378
meotae;sea_251;3076.196;2944.348
kremnoi;sea_250;3105.705;2972.621
halieuma_theou;sea_250;3170.983;3022.873
hygreis;sea_249;3245.772;3072.911
karoia;sea_249;3294.465;3103.728
tanais_0;tanais_1;3320.887;3109.682
paniardis;sea_249;3292.674;3072.788
pataroue;sea_249;3274.247;3043.838
azara;sea_248;3276.844;2996.328
lebedia;sea_248;3259.295;2949.388
hermonassa;sea_247;3220.972;2881.92
phanagoria;sea_247;3225.489;2901.072
sindikos_limen;sea_245;3263.676;2861.37
bata_0;sea_245;3298.637;2862.633
heptalou_limen;sea_244;3344.858;2846.638
palaia_achaia;sea_244;3397.432;2829.051
leuke_kome;s_1;3538.715;1384.183
modiana;s_4;3597.332;1333.04
hippos_kome;s_4;3646.226;1289.357
phoinikon_kome;s_7;3697.725;1243.416
raunathou_kome;s_7;3719.921;1220.044
alaura;s_7;3778.617;1169.381
harenae;s_7;3761.455;1190.258
charmuthas;s_9;3831.601;1118.003
yanbu;s_9;3871.995;1106.866
rayyis;s_9;3927.155;1074.957
harbia;s_9;3953.398;1042.307
rabigh;s_9;3991.143;1002.266
baruka;s_11;4058.341;874.474
qudana;s_11;4012.204;937.878
zaibram;s_11;4117.024;837.761
litha;s_13;4179.161;827.602
confunda;s_13;4246.489;779.846
raqeta;s_13;4288.76;733.071
cama;s_14;4349.842;687.872
devada;s_28;4400.0;602.0
marma;s_14;4410.695;665.733
baitus;s_14;4461.522;621.863
akme;s_16;4488.022;585.329
badeo;s_16;4510.677;518.957
adedou_kome;s_18;4562.251;445.132
laupus;s_18;4578.39;422.542
allou_kome;s_18;4610.158;391.153
emporion_0;s_19;4635.406;341.795
okelis;s_19;4684.421;319.312
adene;sea_283;4794.85;365.942
caiwa;sea_283;4734.328;330.128
mesala;sea_283;4825.814;424.079
abisama;sea_285;4901.792;471.454
firai;sea_285;4963.108;516.578
maipha;sea_285;4992.802;558.64
tretos;sea_287;5078.975;650.352
qana;sea_285;5053.089;592.905
thialematt;sea_287;5172.661;738.833
qishan;sea_294;5262.189;821.134
ausara_1;sea_294;5275.055;881.236
neogilla;sea_294;5285.232;931.108
abyssa;sea_297;5403.512;1046.24
saliah;sea_297;5371.537;1015.626
sidh;sea_298;5459.455;1120.678
rugia;sea_743;1982.118;3520.243
rhugium;sea_738;1819.56;3467.078
viadrus;sea_738;1766.657;3443.09
sciria_1;sea_743;1994.757;3501.086
eughum;sea_738;1859.48;3482.756
hendaian;sea_315;4538.171;1929.055
arragan;sea_315;4576.02;1952.421
arrakia;sea_315;4627.869;1917.646
bushahr;sea_317;4663.002;1883.96
parsha;sea_317;4737.055;1832.843
dayya;sea_317;4775.793;1813.031
siraf;sea_318;4837.383;1822.686
harmozeia_0;sea_307;5161.124;1931.97
vistuliana;sea_743;2015.228;3498.133
venedica;sea_743;2042.748;3508.072
venedicana;sea_744;2079.89;3557.761
oarakta;sea_308;5116.554;1861.644
kish_1;sea_318;4958.137;1795.453
lengeh;sea_308;5071.694;1835.158
gabandi;sea_318;4907.265;1802.641
caesarea_1;sea_586;826.942;3059.647
uppakra;sea_730;1682.049;3568.16
scandia_0;sea_737;1731.148;3572.521
scandia_1;sea_739;1749.298;3615.83
scandia_2;sea_727;1672.199;3665.73
scandia_3;sea_737;1772.609;3549.639
scandia_4;sea_739;1778.26;3640.208
scandia_5;sea_740;1840.639;3661.678
scandia_6;sea_740;1859.248;3721.718
scandia_7;sea_748;1864.48;3781.836
scandia_8;sea_740;1868.709;3681.433
vineta;sea_749;1959.072;3742.758
scandia_9;sea_727;1651.201;3697.967
scandia_10;sea_725;1602.377;3782.187
scandia_17;sea_750;1869.909;3843.055
scandia_23;sea_725;1586.259;3827.535
scandia_24;sea_750;1877.074;3868.768
scandia_27;sea_750;1897.625;3885.999
birka;sea_750;1929.891;3896.359
scandia_29;sea_751;1965.143;3970.796
scandia_31;sea_723;1566.877;3889.476
scandia_32;sea_723;1558.324;3902.711
scandia_34;sea_723;1545.866;3933.424
scandia_35;sea_723;1529.27;3888.847
scandia_36;sea_723;1497.313;3872.727
scandia_37;sea_721;1443.839;3819.105
scandia_38;sea_715;1380.121;3801.442
scandia_39;sea_712;1298.883;3862.346
scandia_40;sea_712;1305.596;3916.24
rutubis;sea_530;177.336;1729.082
creones_australis;sea_649;725.441;3711.081
pydna;lake_113;2399.49;2284.466
palaipaphos;sea_177;3172.09;1940.684
anfa;sea_520;267.088;1754.571
amar;sea_759;139.528;1700.006
safim;sea_759;113.156;1682.221
azama;sea_530;199.263;1737.162
harmozeia_1;sea_307;5221.106;1901.851
madis;sea_303;5292.999;1860.374
ettuar;sea_304;5359.789;1879.778
troesus;sea_304;5436.301;1907.536
canasida;sea_304;5509.968;1946.515
mephas;sea_306;5597.667;1970.424
badara_0;sea_306;5643.288;1998.9
mosarna;sea_348;5726.051;2063.86
colame;sea_348;5769.984;2087.085
malana;sea_348;5809.403;2110.931
cabana;sea_350;5879.246;2163.865
pagala;sea_350;5924.9;2191.327
suacala;sea_350;5950.201;2184.783
dvaraka;sea_356;6259.038;2083.071
patala;river_24;6043.128;2278.101
prabhasa;sea_360;6432.393;2036.643
sana;sea_360;6481.451;2073.792
alexandrou_1;sea_353;6075.5;2203.361
monoglosson;sea_358;6355.803;2043.992
astakapra;sea_359;6506.136;2119.512
kanthi;sea_354;6280.812;2259.966
kukurra;sea_355;6288.304;2123.426
anartta;sea_355;6311.87;2164.494
svabhra;sea_359;6483.228;2234.648
satrunavha;sea_359;6496.3;2187.962
baraca;sea_356;6216.73;2121.536
malia;sea_355;6373.193;2270.284
dhanduka;sea_359;6481.81;2216.307
maltecoria;sea_356;6177.735;2122.721
bacchav;sea_355;6288.815;2189.016
kaccha;sea_355;6278.752;2155.54
darangia;sea_353;6182.121;2184.459
bissai;sea_354;6238.738;2215.49
rusia;sea_355;6346.976;2237.481
sangama;sea_353;6095.319;2208.663
bibakta;sea_350;6033.898;2189.413
sura;sea_353;6159.546;2247.824
daria;sea_354;6239.398;2289.26
samarabriva;sea_353;6152.005;2257.457
gallita;sea_354;6276.771;2312.789
vallai;sea_355;6326.774;2283.42
detta;sea_354;6292.461;2339.508
minnagara_1;sea_359;6510.414;2214.715
bharukaccha;sea_359;6538.786;2178.555
surat;sea_359;6574.958;2151.76
nousaripa;sea_359;6588.804;2142.53
polipoula;sea_359;6602.95;2117.224
nanaghat;sea_361;6618.955;2072.577
surparaka;sea_361;6641.091;2052.457
dounga;sea_361;6671.01;2023.602
semylla;sea_361;6716.227;1975.922
mandagara;sea_361;6735.507;1957.85
palaipatmai;sea_362;6773.792;1928.748
milzigeris;sea_362;6815.051;1891.592
byzantion_1;sea_362;6837.074;1864.378
tyrannosboas;sea_363;6898.287;1825.243
toparon;sea_363;6920.422;1812.459
aegidi;sea_363;6950.396;1798.875
chersonesos_1;sea_363;7003.815;1776.152
nouira;sea_364;7088.051;1720.925
olokhoira;sea_364;7146.887;1669.354
pira;sea_364;7044.037;1750.26
nitra;sea_364;7176.074;1652.66
mousopalle;sea_365;7202.989;1639.58
naura;sea_365;7274.063;1618.726
coula;sea_365;7303.958;1602.005
tyndis;sea_366;7336.795;1578.265
koreoura;sea_366;7356.835;1567.294
muziris;sea_366;7400.588;1537.847
pseudostomos;sea_366;7435.178;1507.982
bacare;sea_367;7484.973;1485.481
kottiara;sea_367;7511.346;1479.114
elankon;sea_367;7525.528;1476.148
balita;sea_367;7556.455;1474.428
komari;sea_367;7584.917;1483.171
curana;sea_437;7607.941;1541.459
kolkoi;sea_440;7597.003;1565.187
koti;sea_439;7631.364;1653.522
vilath;sea_440;7588.572;1584.169
kamai;sea_440;7592.446;1596.829
karukka;sea_447;7594.042;1730.588
akour;sea_439;7602.659;1678.412
nikama;sea_447;7628.201;1774.17
koroula;sea_454;7598.281;1810.908
chaberis;sea_454;7579.743;1833.341
karige;sea_454;7562.115;1848.508
odoka;sea_443;7915.491;1500.761
dagana;sea_443;7933.57;1527.681
maagrammon;sea_443;7962.568;1581.436
nagadiba;sea_445;7849.788;1715.968
modoutou;sea_446;7750.051;1754.258
jambukola_pattana;sea_439;7693.532;1728.67
kalyani_0;sea_435;7802.871;1545.897
mahatittha;sea_439;7709.736;1695.212
upatissagama;sea_441;7729.052;1641.931
girikandi;sea_445;7819.138;1729.811
dighavapi;sea_444;7964.073;1629.681
simhalava;sea_441;7764.869;1585.969
litta;sea_445;7884.474;1698.611
nabartha;sea_435;7845.954;1510.682
mavilankai;sea_455;7528.634;1942.742
sopattinam;sea_455;7534.303;1907.199
colapattinam;sea_454;7544.875;1870.474
mayurasattapattinam;sea_455;7488.707;2014.775
melange;sea_456;7467.242;2031.432
nellore;sea_456;7431.104;2063.575
kottis;sea_456;7397.327;2099.741
andhapura;sea_457;7383.265;2205.968
kantakossyla;sea_457;7362.567;2170.592
mosali;sea_462;7412.487;2284.67
alosgyni;sea_462;7439.932;2324.245
dantapura;sea_463;7451.761;2523.118
kalinganagara;sea_464;7464.462;2580.108
samapa;sea_464;7466.547;2697.818
sankaram;sea_463;7447.25;2491.795
lingarajupalem;sea_462;7423.107;2394.273
jaugada;sea_465;7490.015;2755.698
tosali;sea_465;7510.083;2802.94
salipetake;sea_464;7460.664;2657.732
caritra;sea_465;7503.496;2861.544
jajatipura;sea_472;7477.082;2894.889
tamalites;sea_472;7488.779;2978.638
utkalava;sea_472;7462.679;2921.042
adros;sea_314;4503.578;1784.341
itamos;sea_314;4567.354;1729.868
istana;sea_313;4631.064;1694.442
gerrha;sea_312;4737.179;1622.774
theppra;sea_312;4747.721;1602.031
atta;sea_312;4806.964;1555.576
tylos;sea_312;4772.446;1636.056
gylus;sea_312;4803.874;1603.632
sarkoi;sea_310;4886.66;1527.401
labrys_1;sea_310;4971.644;1526.224
attiaca;sea_310;5025.213;1566.238
kanepsa;sea_309;5108.971;1648.984
regna;sea_302;5242.566;1746.695
omana;sea_302;5295.386;1716.614
helios_limen;sea_307;5185.796;1858.556
kalas;sea_309;5134.567;1702.729
kryptos_limen;sea_301;5494.387;1718.2
dirma_1;sea_301;5394.799;1712.96
artemidos;sea_300;5601.681;1656.053
metas;sea_300;5562.444;1690.041
sarapis;sea_299;5574.537;1468.734
ganta;sea_299;5598.255;1581.784
saraswata;sea_353;6159.859;2267.717
bargysi;sea_474;7647.816;3151.132
chittagong;sea_475;7686.271;3253.715
karmanta;sea_475;7602.415;3225.65
kasipur;sea_472;7494.943;3036.914
barisal;sea_475;7617.609;3212.839
ramgati;sea_475;7639.705;3248.032
varendra;river_32;7448.94;3223.836
ptolemais_theron;s_12;4023.931;635.152
elephas_agrum;s_12;3970.689;647.278
alalaiou;s_15;4275.052;470.662
adouli;s_15;4242.396;427.729
oreine;s_15;4288.277;424.565
aualites;s_19;4615.369;306.301
arsinoe_2;s_19;4662.612;286.958
deire;s_19;4678.803;268.09
punte;sea_280;4638.018;208.111
tanetjer;sea_280;4662.252;209.522
atule;sea_280;4713.806;199.694
malao;sea_281;4866.52;172.797
emporion_1;sea_281;5008.806;263.322
mosylon;sea_282;5152.383;374.987
elephas_limen;sea_286;5297.265;486.474
aromata;sea_289;5364.887;513.198
mundus;sea_281;4960.058;243.572
opone;sea_290;5416.992;399.294
dioscoridus;sea_296;5543.179;680.391
pano;sea_290;5397.017;363.991
diattica;sea_282;5220.455;407.696
motta_2;sea_282;5071.392;327.848
dacca;sea_281;4911.229;218.739
dumar;sea_280;4792.781;159.177
uninhabitable_15;s_18;4549.501;329.669
uninhabitable_16;s_17;4472.424;360.428
uninhabitable_17;s_17;4408.672;398.992
uninhabitable_18;s_17;4351.99;411.554
uninhabitable_19;s_15;4208.049;452.752
uninhabitable_20;s_15;4169.271;508.528
uninhabitable_21;s_12;4139.134;553.687
uninhabitable_22;s_12;4094.014;598.92
uninhabitable_35;sea_298;5481.348;1171.74
uninhabitable_36;sea_298;5523.754;1261.765
uninhabitable_37;sea_298;5543.228;1298.8
uninhabitable_38;sea_299;5577.486;1362.372
uninhabitable_39;sea_299;5552.749;1416.341
uninhabitable_40;sea_299;5551.698;1475.566
sabraiton;s_10;3828.534;905.826
arachos;s_10;3870.436;843.718
canarbis;s_10;3896.557;782.596
erascum;s_8;3706.404;960.547
sabaste;s_8;3756.703;947.141
setronon;s_10;3923.945;709.703
thenessos;sea_78;3232.431;1617.542
tamiathis;sea_78;3206.224;1604.746
perseos_skope;sea_77;3114.639;1603.688
lugi;sea_660;832.333;3840.805
taexalia_australis;sea_663;893.879;3727.631
thorikos;sea_103;2519.059;2065.985
calydon;sinus_patraius;2337.105;2092.278
rubonia_orientalis;sea_744;2121.342;3604.668
veltaea_australis;sea_744;2105.484;3640.359
veltaea;sea_747;2094.339;3691.069
veltaea_borealis;sea_752;2106.922;3743.154
carbonia_occidentalis;sea_758;2144.329;3808.129
carbonia;sea_761;2240.645;3761.23
galindia_occidentalis;sea_744;2122.945;3559.798
megara_hyblaia;sea_18;1914.872;1954.842
soluntum;sea_6;1783.916;2031.762
tainaron;sea_533;2440.812;1939.738
dyme;sinus_patraius;2351.387;2080.215
anthana;sea_102;2451.554;2018.551
pellene;sinus_corinthus;2417.178;2085.087
nicaea_locris;sinus_malianus;2429.146;2146.105
eleusis;sea_103;2493.304;2084.672
rhamnous;sea_104;2527.62;2098.413
kerinthos;sea_113;2478.552;2156.798
eretria;sea_104;2513.08;2119.361
salamis_1;sea_103;2491.123;2070.644
hermione;mare_myrtoum_1;2481.679;2020.09
styra;lake_129;2542.934;2109.06
siphnos;sea_106;2584.829;2003.448
prokonnesos_antigoneia_kyzikena;sea_117;2744.182;2352.531
keramos;sea_89;2817.973;2044.941
bargylia;sea_93;2783.195;2052.66
nisyros;sea_89;2766.499;1999.465
telos;sea_89;2784.356;1991.455
daidala;sea_88;2881.865;2024.649
kourion;sea_176;3212.793;1911.232
sikyon;sinus_corinthus;2441.632;2074.834
kamiros;sea_89;2826.213;1986.317
lappa;sea_100;2583.0;1840.0
arkades;sea_96;2663.439;1833.591
issa;sea_37;1942.715;2482.969
korkyra_melaina;sea_37;1997.022;2478.085
